ADM2_PCODE,RP10_crops_30cm_km2,RP10_crops_30cm_areapct,RP10_crops_30cm_croppct,RP10_female_pop_30cm,RP10_children_u5_30cm,RP10_female_u5_30cm,RP10_elderly_30cm,RP10_pop_u15_30cm,RP10_female_u15_30cm,RP10_wra_pop_30cm,RP10_dependency_ratio_30cm,RP10_education_30cm_pct,RP10_education_30cm_count,RP10_hospitals_30cm_pct,RP10_hospitals_30cm_count,RP10_primary_healthcare_30cm_pct,RP10_primary_healthcare_30cm_count,RP50_crops_30cm_km2,RP50_crops_30cm_areapct,RP50_crops_30cm_croppct,RP50_female_pop_30cm,RP50_children_u5_30cm,RP50_female_u5_30cm,RP50_elderly_30cm,RP50_pop_u15_30cm,RP50_female_u15_30cm,RP50_wra_pop_30cm,RP50_dependency_ratio_30cm,RP50_education_30cm_pct,RP50_education_30cm_count,RP50_hospitals_30cm_pct,RP50_hospitals_30cm_count,RP50_primary_healthcare_30cm_pct,RP50_primary_healthcare_30cm_count,RP100_crops_30cm_km2,RP100_crops_30cm_areapct,RP100_crops_30cm_croppct,RP100_female_pop_30cm,RP100_children_u5_30cm,RP100_female_u5_30cm,RP100_elderly_30cm,RP100_pop_u15_30cm,RP100_female_u15_30cm,RP100_wra_pop_30cm,RP100_dependency_ratio_30cm,RP100_education_30cm_pct,RP100_education_30cm_count,RP100_hospitals_30cm_pct,RP100_hospitals_30cm_count,RP100_primary_healthcare_30cm_pct,RP100_primary_healthcare_30cm_count,RP500_crops_30cm_km2,RP500_crops_30cm_areapct,RP500_crops_30cm_croppct,RP500_female_pop_30cm,RP500_children_u5_30cm,RP500_female_u5_30cm,RP500_elderly_30cm,RP500_pop_u15_30cm,RP500_female_u15_30cm,RP500_wra_pop_30cm,RP500_dependency_ratio_30cm,RP500_education_30cm_pct,RP500_education_30cm_count,RP500_hospitals_30cm_pct,RP500_hospitals_30cm_count,RP500_primary_healthcare_30cm_pct,RP500_primary_healthcare_30cm_count
ID1107,0.0,0.0,0.0,35230,5381,2608,5384,16930,8263,18391,45.89,6,1,0,0,0,0,0.0,0.0,0.0,50863,7768,3766,7773,24443,11930,26553,45.89,12,2,0,0,0,0,0.0,0.0,0.0,61189,9345,4530,9351,29405,14352,31943,45.89,12,2,0,0,0,0,0.0,0.0,0.0,68524,10466,5073,10476,32926,16070,35776,45.89,25,4,0,0,0,0
ID1112,0.0,0.0,0.0,5473,850,413,774,2557,1238,2937,43.33,2,7,6,3,0,0,0.0,0.0,0.0,6698,1040,506,946,3129,1514,3594,43.32,3,14,6,3,3,1,0.0,0.0,0.0,7320,1136,552,1034,3420,1655,3928,43.32,4,16,6,3,3,1,0.0,0.0,0.0,11418,1773,862,1612,5335,2581,6127,43.31,5,20,6,3,7,2
ID1108,0.0,0.0,0.0,48282,8375,4062,7203,25893,12594,24600,51.88,11,7,0,0,10,1,0.0,0.0,0.0,63527,11040,5356,9419,34084,16581,32398,51.8,11,7,0,0,20,2,0.0,0.0,0.0,67380,11707,5680,9996,36150,17585,34360,51.81,16,10,0,0,40,4,0.0,0.0,0.0,80851,14052,6818,11982,43380,21103,41236,51.79,22,14,0,0,50,5
ID1116,0.0,0.0,0.0,12629,2248,1098,1897,6965,3423,6472,53.09,23,3,0,0,0,0,0.0,0.0,0.0,17242,3069,1499,2590,9510,4674,8836,53.09,23,3,0,0,0,0,0.0,0.0,0.0,18615,3313,1618,2796,10267,5046,9540,53.09,31,4,100,1,0,0,0.0,0.0,0.0,20210,3597,1757,3035,11147,5478,10357,53.09,31,4,100,1,0,0
ID1103,0.0,0.0,0.0,17737,2511,1218,2942,7718,3747,9216,43.38,4,1,0,0,0,0,0.0,0.0,0.0,28202,3989,1934,4683,12261,5952,14652,43.36,17,4,0,0,0,0,0.0,0.0,0.0,30663,4336,2102,5093,13329,6471,15930,43.36,25,6,0,0,0,0,0.0,0.0,0.0,34348,4856,2355,5706,14929,7247,17844,43.36,33,8,0,0,0,0
ID1102,0.0,0.0,0.0,13238,2578,1252,1225,7987,3908,7170,52.57,13,2,0,0,0,0,0.0,0.0,0.0,14068,2740,1330,1302,8487,4153,7620,52.57,13,2,0,0,0,0,0.0,0.0,0.0,14405,2805,1362,1333,8691,4252,7802,52.57,13,2,0,0,0,0,0.0,0.0,0.0,16128,3141,1525,1493,9730,4761,8735,52.57,13,2,0,0,0,0
ID1114,0.0,0.0,0.0,75242,12601,6112,9259,39145,19118,39172,46.74,40,8,0,0,0,0,0.0,0.0,0.0,90348,15131,7339,11117,47005,22956,47036,46.75,40,8,50,1,0,0,0.0,0.0,0.0,93052,15584,7558,11450,48411,23643,48444,46.75,45,9,50,1,0,0,0.0,0.0,0.0,95407,15978,7750,11740,49637,24242,49670,46.75,50,10,50,1,0,0
ID1106,0.0,0.0,0.0,1393,248,121,190,745,363,728,49.76,0,0,0,0,0,0,0.0,0.0,0.0,1393,248,121,190,745,363,728,49.76,0,0,0,0,0,0,0.0,0.0,0.0,1393,248,121,190,745,363,728,49.76,0,0,0,0,0,0,0.0,0.0,0.0,1393,248,121,190,745,363,728,49.76,0,0,0,0,0,0
ID1104,0.0,0.0,0.0,18588,2949,1435,2233,9936,4828,9765,48.92,0,0,0,0,0,0,0.0,0.0,0.0,24349,3863,1879,2924,13015,6324,12793,48.91,6,1,0,0,0,0,0.0,0.0,0.0,24448,3879,1887,2936,13069,6350,12845,48.91,6,1,0,0,0,0,0.0,0.0,0.0,27606,4380,2131,3315,14756,7170,14505,48.91,6,1,0,0,0,0
ID1105,0.0,0.0,0.0,54415,10452,5096,6305,31430,15307,28245,53.08,21,3,0,0,0,0,0.0,0.0,0.0,61685,11851,5778,7145,35636,17355,32018,53.08,21,3,0,0,0,0,0.0,0.0,0.0,64293,12352,6023,7446,37145,18090,33372,53.08,29,4,0,0,0,0,0.0,0.0,0.0,66100,12700,6192,7654,38191,18599,34310,53.09,29,4,0,0,0,0
ID1111,0.0,0.0,0.0,58186,10048,4903,8306,30113,14622,30244,49.89,5,4,50,2,6,1,0.0,0.0,0.0,69378,11989,5850,9891,35932,17448,36061,49.91,12,9,50,2,6,1,0.0,0.0,0.0,72423,12515,6107,10326,37507,18212,37644,49.91,13,10,50,2,6,1,0.0,0.0,0.0,82428,14242,6949,11762,42674,20721,42839,49.91,13,10,50,2,6,1
ID1307,0.0,0.0,0.0,3654,460,224,853,1567,762,1735,49.87,0,0,0,0,0,0,0.0,0.0,0.0,3959,498,242,927,1696,824,1879,49.88,0,0,0,0,0,0,0.0,0.0,0.0,4509,565,275,1061,1927,936,2138,49.89,0,0,0,0,0,0,0.0,0.0,0.0,5289,664,323,1242,2262,1099,2509,49.89,0,0,0,0,0,0
ID5307,0.0,0.0,0.0,0,0,0,0,0,0,0,0,0,0,0,0,0,0,0.0,0.0,0.0,0,0,0,0,0,0,0,0,0,0,0,0,0,0,0.0,0.0,0.0,0,0,0,0,0,0,0,0,0,0,0,0,0,0,0.0,0.0,0.0,0,0,0,0,0,0,0,0,0,0,0,0,0,0
ID1208,0.0,0.0,0.0,38010,6900,3359,4968,20037,9768,19400,48.57,0,0,0,0,0,0,0.0,0.0,0.0,46484,8440,4108,6074,24507,11947,23725,48.57,0,0,0,0,0,0,0.0,0.0,0.0,48775,8856,4311,6373,25714,12536,24895,48.57,0,0,0,0,0,0,0.0,0.0,0.0,65873,11957,5820,8609,34725,16928,33621,48.57,0,0,0,0,0,0
ID9415,0.0,0.0,0.0,35118,10349,5007,1158,25179,11927,19557,53.55,20,1,100,1,67,4,0.0,0.0,0.0,38861,11458,5545,1279,27874,13204,21639,53.58,40,2,100,1,83,5,0.0,0.0,0.0,41081,12119,5864,1354,29481,13965,22867,53.63,40,2,100,1,83,5,0.0,0.0,0.0,42621,12576,6085,1404,30590,14491,23723,53.64,40,2,100,1,83,5
ID5103,0.0,0.0,0.0,0,0,0,0,0,0,0,0,0,0,0,0,0,0,0.0,0.0,0.0,0,0,0,0,0,0,0,0,0,0,0,0,0,0,0.0,0.0,0.0,0,0,0,0,0,0,0,0,0,0,0,0,0,0,0.0,0.0,0.0,0,0,0,0,0,0,0,0,0,0,0,0,0,0
ID6311,0.0,0.0,0.0,9108,1581,760,957,4805,2332,4783,45.75,8,6,0,0,4,1,0.0,0.0,0.0,9786,1699,817,1028,5162,2506,5139,45.75,9,7,0,0,4,1,0.0,0.0,0.0,10189,1769,851,1070,5375,2609,5351,45.75,9,7,0,0,4,1,0.0,0.0,0.0,10621,1844,887,1115,5603,2719,5578,45.75,9,7,0,0,9,2
ID3204,0.0,0.0,0.0,162617,25948,12574,22310,81371,39592,85770,45.65,3,4,0,0,9,3,0.0,0.0,0.0,173985,27763,13453,23868,87062,42361,91767,45.66,4,6,0,0,15,5,0.0,0.0,0.0,190308,30369,14716,26105,95235,46338,100377,45.66,4,6,5,1,15,5,0.0,0.0,0.0,190308,30369,14716,26105,95235,46338,100377,45.66,5,8,5,1,15,5
ID3217,0.0,0.0,0.0,27567,4180,2035,4444,13017,6331,14425,45.16,0,0,0,0,0,0,0.0,0.0,0.0,27567,4180,2035,4444,13017,6331,14425,45.16,0,0,0,0,0,0,0.0,0.0,0.0,27567,4180,2035,4444,13017,6331,14425,45.16,0,0,0,0,0,0,0.0,0.0,0.0,28898,4382,2133,4659,13645,6637,15122,45.16,0,0,0,0,0,0
ID7202,0.0,0.0,0.0,3041,491,239,497,1468,712,1586,46.47,0,0,0,0,0,0,0.0,0.0,0.0,4172,674,327,682,2014,977,2176,46.47,0,0,0,0,0,0,0.0,0.0,0.0,4320,698,339,706,2085,1012,2253,46.47,0,0,0,0,0,0,0.0,0.0,0.0,4768,770,374,779,2301,1116,2487,46.47,0,0,0,0,0,0
ID7201,0.0,0.0,0.0,0,0,0,0,0,0,0,0,0,0,0,0,0,0,0.0,0.0,0.0,0,0,0,0,0,0,0,0,0,0,0,0,0,0,0.0,0.0,0.0,0,0,0,0,0,0,0,0,0,0,0,0,0,0,0.0,0.0,0.0,0,0,0,0,0,0,0,0,0,0,0,0,0,0
ID7211,0.0,0.0,0.0,0,0,0,0,0,0,0,0,0,0,0,0,0,0,0.0,0.0,0.0,0,0,0,0,0,0,0,0,0,0,0,0,0,0,0.0,0.0,0.0,0,0,0,0,0,0,0,0,0,0,0,0,0,0,0.0,0.0,0.0,0,0,0,0,0,0,0,0,0,0,0,0,0,0
ID1901,0.0,0.0,0.0,2859,454,221,438,1365,664,1506,44.57,0,0,0,0,0,0,0.0,0.0,0.0,2859,454,221,438,1365,664,1506,44.57,0,0,0,0,0,0,0.0,0.0,0.0,2859,454,221,438,1365,664,1506,44.57,0,0,0,0,0,0,0.0,0.0,0.0,2867,455,221,439,1369,666,1510,44.57,0,0,0,0,0,0
ID1903,0.0,0.0,0.0,1104,176,86,149,559,272,591,45.21,0,0,0,0,0,0,0.0,0.0,0.0,1328,212,103,179,673,328,711,45.21,0,0,0,0,0,0,0.0,0.0,0.0,1396,223,108,189,707,344,747,45.21,0,0,0,0,0,0,0.0,0.0,0.0,1424,227,110,192,721,351,762,45.21,0,0,0,0,0,0
ID1905,0.0,0.0,0.0,1143,162,79,123,544,264,649,39.31,0,0,0,0,0,0,0.0,0.0,0.0,1259,178,87,136,599,291,715,39.31,0,0,0,0,0,0,0.0,0.0,0.0,1273,180,88,137,606,294,723,39.31,0,0,0,0,0,0,0.0,0.0,0.0,1273,180,88,137,606,294,723,39.31,0,0,0,0,0,0
ID1904,0.0,0.0,0.0,2395,383,185,266,1227,592,1325,42.94,0,0,0,0,0,0,0.0,0.0,0.0,3516,563,272,391,1804,870,1943,43.01,0,0,0,0,0,0,0.0,0.0,0.0,3643,584,281,405,1870,901,2014,43.01,0,0,0,0,0,0,0.0,0.0,0.0,3687,591,285,410,1893,912,2038,43.02,0,0,0,0,0,0
ID3526,0.0,0.0,0.0,0,0,0,0,0,0,0,0,0,0,0,0,0,0,0.0,0.0,0.0,0,0,0,0,0,0,0,0,0,0,0,0,0,0,0.0,0.0,0.0,0,0,0,0,0,0,0,0,0,0,0,0,0,0,0.0,0.0,0.0,0,0,0,0,0,0,0,0,0,0,0,0,0,0
ID5106,0.0,0.0,0.0,0,0,0,0,0,0,0,0,0,0,0,0,0,0,0.0,0.0,0.0,0,0,0,0,0,0,0,0,0,0,0,0,0,0,0.0,0.0,0.0,0,0,0,0,0,0,0,0,0,0,0,0,0,0,0.0,0.0,0.0,0,0,0,0,0,0,0,0,0,0,0,0,0,0
ID6303,0.0,0.0,0.0,90915,14621,7142,11782,44466,21720,47823,44.34,21,17,0,0,27,3,0.0,0.0,0.0,110787,17806,8696,14387,54167,26455,58246,44.36,24,20,0,0,27,3,0.0,0.0,0.0,114542,18410,8991,14873,56005,27353,60222,44.36,26,21,0,0,27,3,0.0,0.0,0.0,119807,19257,9405,15555,58581,28612,62990,44.36,28,23,0,0,27,3
ID3304,0.0,0.0,0.0,15913,2097,1028,3655,6619,3231,7762,47.08,0,0,0,0,0,0,0.0,0.0,0.0,16654,2195,1076,3826,6927,3381,8123,47.07,0,0,0,0,0,0,0.0,0.0,0.0,16654,2195,1076,3826,6927,3381,8123,47.07,0,0,0,0,0,0,0.0,0.0,0.0,16654,2195,1076,3826,6927,3381,8123,47.07,0,0,0,0,0,0
ID7303,0.0,0.0,0.0,381,54,26,60,162,80,204,42.08,0,0,0,0,0,0,0.0,0.0,0.0,381,54,26,60,162,80,204,42.08,0,0,0,0,0,0,0.0,0.0,0.0,381,54,26,60,162,80,204,42.08,0,0,0,0,0,0,0.0,0.0,0.0,381,54,26,60,162,80,204,42.08,0,0,0,0,0,0
ID3402,0.0,0.0,0.0,16675,2012,983,4199,6289,3070,7747,46.83,1,4,0,0,0,0,0.0,0.0,0.0,18942,2286,1117,4764,7146,3488,8803,46.81,3,11,0,0,0,0,0.0,0.0,0.0,19816,2391,1168,4988,7474,3649,9208,46.82,3,11,0,0,0,0,0.0,0.0,0.0,21300,2571,1256,5357,8035,3923,9899,46.81,3,11,0,0,0,0
ID1607,0.0,0.0,0.0,110542,17977,8756,15877,55998,27225,58208,46.58,4,1,0,0,0,0,0.0,0.0,0.0,168354,27328,13312,24096,85396,41518,88781,46.55,4,1,0,0,0,0,0.0,0.0,0.0,181541,29472,14357,25978,92100,44777,95742,46.55,16,4,0,0,0,0,0.0,0.0,0.0,213929,34719,16914,30580,108581,52791,112869,46.54,28,7,0,0,0,0
ID3302,0.0,0.0,0.0,25210,3312,1600,5834,10253,4966,12175,46.93,1,2,3,1,0,0,0.0,0.0,0.0,28119,3694,1784,6512,11432,5537,13577,46.93,2,4,6,2,0,0,0.0,0.0,0.0,29522,3878,1873,6839,12001,5812,14253,46.94,2,4,6,2,0,0,0.0,0.0,0.0,30615,4022,1942,7094,12444,6027,14780,46.94,2,4,6,2,0,0
ID3510,0.0,0.0,0.0,16972,2035,981,4171,6423,3124,8036,45.94,0,1,0,0,0,0,0.0,0.0,0.0,16972,2035,981,4171,6423,3124,8036,45.94,0,1,0,0,0,0,0.0,0.0,0.0,16972,2035,981,4171,6423,3124,8036,45.94,0,1,0,0,0,0,0.0,0.0,0.0,17308,2075,1000,4254,6550,3185,8195,45.94,0,1,0,0,0,0
ID6304,0.0,0.0,0.0,52594,8279,4060,7167,25910,12694,27127,45.33,21,13,0,0,24,4,0.0,0.0,0.0,85019,13380,6560,11597,41872,20512,43842,45.34,36,23,0,0,47,8,0.0,0.0,0.0,91511,14403,7063,12475,45077,22084,47195,45.34,46,29,0,0,53,9,0.0,0.0,0.0,109373,17219,8445,14893,53896,26408,56421,45.33,56,35,0,0,53,9
ID6204,0.0,0.0,0.0,42153,6354,3093,6237,19225,9333,22432,42.09,47,15,67,2,12,1,0.0,0.0,0.0,50234,7572,3686,7434,22908,11120,26734,42.08,56,18,67,2,25,2,0.0,0.0,0.0,50408,7598,3698,7460,22987,11158,26827,42.08,56,18,67,2,25,2,0.0,0.0,0.0,52573,7922,3856,7781,23973,11637,27980,42.08,59,19,67,2,25,2
ID6212,0.0,0.0,0.0,1974,279,135,293,895,435,1066,41.67,0,0,0,0,0,0,0.0,0.0,0.0,2586,365,177,384,1172,570,1396,41.66,0,0,0,0,0,0,0.0,0.0,0.0,2610,369,179,388,1183,575,1409,41.66,0,0,0,0,0,0,0.0,0.0,0.0,2643,374,181,392,1198,582,1427,41.66,0,0,0,0,0,0
ID6205,0.0,0.0,0.0,19396,2999,1460,2504,9207,4491,10782,40.89,25,11,0,0,24,4,0.0,0.0,0.0,26910,4162,2026,3473,12774,6231,14959,40.89,27,12,0,0,29,5,0.0,0.0,0.0,27300,4222,2055,3524,12959,6321,15176,40.89,32,14,0,0,35,6,0.0,0.0,0.0,31998,4948,2409,4130,15189,7409,17788,40.89,34,15,0,0,35,6
ID7310,0.0,0.0,0.0,4393,610,297,1008,1854,905,2067,50.78,0,0,0,0,0,0,0.0,0.0,0.0,4393,610,297,1008,1854,905,2067,50.78,0,0,0,0,0,0,0.0,0.0,0.0,4393,610,297,1008,1854,905,2067,50.78,0,0,0,0,0,0,0.0,0.0,0.0,4393,610,297,1008,1854,905,2067,50.78,0,0,0,0,0,0
ID3325,0.0,0.0,0.0,3410,494,239,598,1473,716,1735,43.35,0,0,0,0,0,0,0.0,0.0,0.0,3410,494,239,598,1473,716,1735,43.35,0,0,0,0,0,0,0.0,0.0,0.0,3410,494,239,598,1473,716,1735,43.35,0,0,0,0,0,0,0.0,0.0,0.0,3410,494,239,598,1473,716,1735,43.35,0,0,0,0,0,0
ID1504,0.0,0.0,0.0,62345,9522,4659,7362,31224,15234,33968,43.27,40,73,33,1,38,8,0.0,0.0,0.0,71664,10944,5355,8463,35891,17511,39045,43.27,51,93,33,1,48,10,0.0,0.0,0.0,74306,11348,5552,8775,37214,18156,40484,43.27,52,96,67,2,52,11,0.0,0.0,0.0,80498,12293,6015,9506,40315,19669,43858,43.27,54,98,67,2,57,12
ID1219,0.0,0.0,0.0,43368,9281,4461,5789,23173,11173,22063,50.05,33,2,67,2,0,0,0.0,0.0,0.0,58072,12422,5971,7751,31029,14961,29543,50.05,33,2,67,2,25,1,0.0,0.0,0.0,63859,13661,6567,8524,34122,16452,32487,50.05,33,2,67,2,50,2,0.0,0.0,0.0,68844,14728,7079,9189,36785,17736,35023,50.05,33,2,67,2,50,2
ID3216,0.0,0.0,0.0,173443,27881,13516,16611,83742,40687,99845,39.77,11,39,5,2,22,18,0.0,0.0,0.0,211266,33971,16469,20205,102021,49569,121639,39.77,16,55,8,3,24,19,0.0,0.0,0.0,222742,35825,17367,21280,107579,52269,128265,39.76,18,64,8,3,25,20,0.0,0.0,0.0,233593,37526,18192,22432,112744,54779,134426,39.78,21,75,8,3,32,26
ID1902,0.0,0.0,0.0,0,0,0,0,0,0,0,0,0,0,0,0,0,0,0.0,0.0,0.0,0,0,0,0,0,0,0,0,0,0,0,0,0,0,0.0,0.0,0.0,0,0,0,0,0,0,0,0,0,0,0,0,0,0,0.0,0.0,0.0,0,0,0,0,0,0,0,0,0,0,0,0,0,0
ID1906,0.0,0.0,0.0,0,0,0,0,0,0,0,0,0,0,0,0,0,0,0.0,0.0,0.0,0,0,0,0,0,0,0,0,0,0,0,0,0,0,0.0,0.0,0.0,0,0,0,0,0,0,0,0,0,0,0,0,0,0,0.0,0.0,0.0,0,0,0,0,0,0,0,0,0,0,0,0,0,0
ID5306,0.0,0.0,0.0,169,28,14,30,89,44,85,54.41,0,0,0,0,0,0,0.0,0.0,0.0,377,63,31,66,197,97,191,54.12,0,0,0,0,0,0,0.0,0.0,0.0,388,65,32,68,203,100,197,54.11,0,0,0,0,0,0,0.0,0.0,0.0,388,65,32,68,203,100,197,54.11,0,0,0,0,0,0
ID1117,0.0,0.0,0.0,94,17,8,13,50,25,49,49.88,0,0,0,0,0,0,0.0,0.0,0.0,175,31,15,23,95,46,92,50.15,0,0,0,0,0,0,0.0,0.0,0.0,175,31,15,23,95,46,92,50.15,0,0,0,0,0,0,0.0,0.0,0.0,175,31,15,23,95,46,92,50.15,0,0,0,0,0,0
ID1408,0.0,0.0,0.0,19608,4066,1968,2155,10841,5264,10362,47.71,4,3,0,0,0,0,0.0,0.0,0.0,21114,4378,2119,2320,11674,5669,11159,47.71,5,4,0,0,0,0,0.0,0.0,0.0,22127,4589,2221,2432,12234,5941,11694,47.71,5,4,0,0,0,0,0.0,0.0,0.0,22823,4734,2291,2508,12618,6127,12061,47.71,5,4,0,0,0,0
ID6102,0.0,0.0,0.0,4461,758,370,614,2334,1136,2384,46.91,9,4,0,0,0,0,0.0,0.0,0.0,5583,946,462,765,2920,1422,2986,46.84,9,4,0,0,0,0,0.0,0.0,0.0,5862,993,485,803,3066,1493,3136,46.81,9,4,0,0,0,0,0.0,0.0,0.0,6114,1035,505,837,3197,1557,3271,46.8,9,4,0,0,0,0
ID1701,0.0,0.0,0.0,3058,462,224,505,1457,708,1553,46.25,0,0,0,0,0,0,0.0,0.0,0.0,3110,470,228,513,1482,720,1580,46.25,0,0,0,0,0,0,0.0,0.0,0.0,3308,500,243,546,1576,766,1680,46.25,0,0,0,0,0,0,0.0,0.0,0.0,3308,500,243,546,1576,766,1680,46.25,0,0,0,0,0,0
ID1709,0.0,0.0,0.0,261,42,21,35,133,64,140,45.79,0,0,0,0,0,0,0.0,0.0,0.0,261,42,21,35,133,64,140,45.79,0,0,0,0,0,0,0.0,0.0,0.0,261,42,21,35,133,64,140,45.79,0,0,0,0,0,0,0.0,0.0,0.0,261,42,21,35,133,64,140,45.79,0,0,0,0,0,0
ID1703,0.0,0.0,0.0,2123,364,179,332,1086,533,1095,48.49,0,0,0,0,0,0,0.0,0.0,0.0,2487,427,209,389,1272,624,1282,48.49,0,0,0,0,0,0,0.0,0.0,0.0,2487,427,209,389,1272,624,1282,48.49,0,0,0,0,0,0,0.0,0.0,0.0,3126,536,263,489,1600,785,1612,48.49,0,0,0,0,0,0
ID6405,0.0,0.0,0.0,46935,8091,3990,5123,24840,12144,26484,41.86,66,23,0,0,40,2,0.0,0.0,0.0,56176,9684,4776,6132,29731,14536,31698,41.86,77,27,43,3,40,2,0.0,0.0,0.0,56918,9812,4839,6213,30124,14728,32117,41.86,77,27,43,3,40,2,0.0,0.0,0.0,59877,10322,5091,6536,31690,15493,33786,41.86,80,28,43,3,40,2
ID9409,0.0,0.0,0.0,0,0,0,0,0,0,0,0,0,0,0,0,0,0,0.0,0.0,0.0,0,0,0,0,0,0,0,0,0,0,0,0,0,0,0.0,0.0,0.0,0,0,0,0,0,0,0,0,0,0,0,0,0,0,0.0,0.0,0.0,0,0,0,0,0,0,0,0,0,0,0,0,0,0
ID5206,0.0,0.0,0.0,4347,702,339,703,2168,1055,2234,49.48,0,0,0,0,0,0,0.0,0.0,0.0,4347,702,339,703,2168,1055,2234,49.48,0,0,0,0,0,0,0.0,0.0,0.0,4347,702,339,703,2168,1055,2234,49.48,0,0,0,0,0,0,0.0,0.0,0.0,4347,702,339,703,2168,1055,2234,49.48,0,0,0,0,0,0
ID2102,0.0,0.0,0.0,0,0,0,0,0,0,0,0,0,0,0,0,0,0,0.0,0.0,0.0,0,0,0,0,0,0,0,0,0,0,0,0,0,0,0.0,0.0,0.0,0,0,0,0,0,0,0,0,0,0,0,0,0,0,0.0,0.0,0.0,0,0,0,0,0,0,0,0,0,0,0,0,0,0
ID1110,0.0,0.0,0.0,33312,5807,2815,5189,16630,8062,16851,50.39,1,1,0,0,0,0,0.0,0.0,0.0,43029,7502,3637,6708,21475,10410,21761,50.39,3,2,0,0,0,0,0.0,0.0,0.0,44207,7707,3736,6892,22062,10695,22357,50.39,4,3,0,0,8,1,0.0,0.0,0.0,53580,9341,4528,8356,26735,12960,27093,50.39,12,9,0,0,8,1
ID3505,0.0,0.0,0.0,12165,1372,671,3075,4561,2221,5735,45.91,0,0,0,0,0,0,0.0,0.0,0.0,17171,1939,949,4331,6452,3142,8096,45.92,0,0,0,0,0,0,0.0,0.0,0.0,20937,2364,1157,5283,7873,3835,9870,45.95,0,0,0,0,0,0,0.0,0.0,0.0,31682,3578,1752,7999,11924,5808,14930,45.99,0,0,0,0,0,0
ID3316,0.0,0.0,0.0,18615,2001,975,4336,6671,3250,8901,42.37,0,0,0,0,0,0,0.0,0.0,0.0,24604,2628,1281,5733,8804,4291,11767,42.34,12,1,0,0,0,0,0.0,0.0,0.0,25912,2763,1347,6038,9269,4518,12393,42.33,12,1,0,0,0,0,0.0,0.0,0.0,26337,2807,1368,6137,9420,4592,12597,42.33,25,2,0,0,50,1
ID7501,0.0,0.0,0.0,5698,900,441,812,2743,1339,3057,44.3,0,0,0,0,0,0,0.0,0.0,0.0,6451,1020,500,919,3107,1516,3462,44.3,0,0,0,0,0,0,0.0,0.0,0.0,6884,1089,534,980,3316,1618,3694,44.3,0,0,0,0,0,0,0.0,0.0,0.0,7309,1156,567,1040,3522,1718,3923,44.3,0,0,0,0,0,0
ID3201,0.0,0.0,0.0,8981,1416,689,1023,4383,2130,4979,41.43,0,2,0,0,0,0,0.0,0.0,0.0,9419,1485,722,1073,4596,2233,5222,41.43,0,2,0,0,0,0,0.0,0.0,0.0,9419,1485,722,1073,4596,2233,5222,41.43,0,2,0,0,0,0,0.0,0.0,0.0,9419,1485,722,1073,4596,2233,5222,41.43,0,3,0,0,0,0
ID3522,0.0,0.0,0.0,128166,15464,7517,29645,47151,22879,61086,43.02,9,11,31,4,25,8,0.0,0.0,0.0,160326,19357,9408,37090,58986,28621,76409,43.02,24,28,38,5,28,9,0.0,0.0,0.0,162049,19565,9510,37489,59620,28929,77230,43.02,26,31,38,5,28,9,0.0,0.0,0.0,170786,20623,10024,39511,62836,30489,81393,43.02,29,34,38,5,34,11
ID7101,0.0,0.0,0.0,12333,1786,876,2394,5870,2852,6177,47.51,0,0,50,1,17,1,0.0,0.0,0.0,14473,2096,1028,2809,6888,3347,7249,47.51,3,1,50,1,17,1,0.0,0.0,0.0,16126,2335,1146,3130,7675,3729,8077,47.51,6,2,50,1,17,1,0.0,0.0,0.0,17287,2503,1228,3355,8228,3998,8659,47.51,6,2,50,1,33,2
ID7110,0.0,0.0,0.0,65,11,6,9,36,18,34,50.35,0,0,0,0,0,0,0.0,0.0,0.0,637,112,55,91,354,173,330,50.35,0,0,0,0,0,0,0.0,0.0,0.0,642,113,56,91,356,174,333,50.35,0,0,0,0,0,0,0.0,0.0,0.0,642,113,56,91,356,174,333,50.35,0,0,0,0,0,0
ID7111,0.0,0.0,0.0,11,1,1,2,5,2,6,43.53,0,0,0,0,0,0,0.0,0.0,0.0,11,1,1,2,5,2,6,43.53,0,0,0,0,0,0,0.0,0.0,0.0,11,1,1,2,5,2,6,43.53,0,0,0,0,0,0,0.0,0.0,0.0,11,1,1,2,5,2,6,43.53,0,0,0,0,0,0
ID7107,0.0,0.0,0.0,1877,310,149,322,953,461,943,49.51,0,0,0,0,0,0,0.0,0.0,0.0,2230,368,177,383,1132,547,1120,49.51,0,0,0,0,0,0,0.0,0.0,0.0,2392,395,190,411,1214,587,1201,49.51,0,0,0,0,0,0,0.0,0.0,0.0,3084,510,245,529,1565,757,1549,49.51,0,0,0,0,0,0
ID7406,0.0,0.0,0.0,4084,764,381,487,2212,1091,2174,48.64,0,0,0,0,0,0,0.0,0.0,0.0,4286,802,399,511,2321,1145,2281,48.64,0,0,0,0,0,0,0.0,0.0,0.0,4346,813,405,519,2354,1161,2313,48.64,0,0,0,0,0,0,0.0,0.0,0.0,4576,856,426,546,2479,1223,2436,48.64,0,0,0,0,0,0
ID3511,0.0,0.0,0.0,589,69,34,161,208,102,273,47.34,0,0,0,0,0,0,0.0,0.0,0.0,589,69,34,161,208,102,273,47.34,0,0,0,0,0,0,0.0,0.0,0.0,589,69,34,161,208,102,273,47.34,0,0,0,0,0,0,0.0,0.0,0.0,589,69,34,161,208,102,273,47.34,0,0,0,0,0,0
ID7311,0.0,0.0,0.0,14068,1748,858,3113,5724,2804,6868,48.14,0,0,0,0,0,0,0.0,0.0,0.0,17202,2134,1048,3814,6996,3427,8397,48.17,0,0,0,0,0,0,0.0,0.0,0.0,17241,2139,1050,3823,7011,3435,8416,48.17,2,2,0,0,0,0,0.0,0.0,0.0,20350,2523,1238,4518,8273,4053,9932,48.19,3,3,0,0,0,0
ID7504,0.0,0.0,0.0,8815,1339,651,1508,4140,2026,4485,47.24,0,0,0,0,0,0,0.0,0.0,0.0,10801,1641,797,1847,5072,2482,5495,47.24,0,0,0,0,0,0,0.0,0.0,0.0,13778,2093,1017,2356,6470,3166,7009,47.24,0,0,0,0,0,0,0.0,0.0,0.0,19288,2930,1424,3298,9057,4432,9812,47.24,0,0,0,0,0,0
ID9413,0.0,0.0,0.0,7675,2952,1449,479,6637,3238,3522,76.23,0,0,0,0,0,0,0.0,0.0,0.0,8703,3348,1644,544,7527,3672,3993,76.26,0,0,0,0,0,0,0.0,0.0,0.0,8754,3368,1653,547,7571,3694,4016,76.26,0,0,0,0,0,0,0.0,0.0,0.0,8920,3431,1685,557,7715,3764,4092,76.26,33,1,0,0,0,0
ID3309,0.0,0.0,0.0,1356,179,87,325,550,268,639,47.89,0,0,0,0,0,0,0.0,0.0,0.0,1356,179,87,325,550,268,639,47.89,0,0,0,0,0,0,0.0,0.0,0.0,1356,179,87,325,550,268,639,47.89,0,0,0,0,0,0,0.0,0.0,0.0,1356,179,87,325,550,268,639,47.89,0,0,0,0,0,0
ID3329,0.0,0.0,0.0,114981,16552,8063,20347,50202,24431,59877,43.77,3,1,0,0,0,0,0.0,0.0,0.0,130958,18861,9188,23154,57183,27828,68212,43.75,3,1,0,0,0,0,0.0,0.0,0.0,136570,19667,9580,24153,59631,29020,71134,43.76,3,1,0,0,0,0,0.0,0.0,0.0,140714,20262,9870,24890,61439,29899,73291,43.76,3,1,0,0,0,0
ID5108,0.0,0.0,0.0,0,0,0,0,0,0,0,0,0,0,0,0,0,0,0.0,0.0,0.0,0,0,0,0,0,0,0,0,0,0,0,0,0,0,0.0,0.0,0.0,0,0,0,0,0,0,0,0,0,0,0,0,0,0,0.0,0.0,0.0,0,0,0,0,0,0,0,0,0,0,0,0,0,0
ID7302,0.0,0.0,0.0,2054,253,123,378,838,409,1052,44.02,0,0,0,0,0,0,0.0,0.0,0.0,2054,253,123,378,838,409,1052,44.02,0,0,0,0,0,0,0.0,0.0,0.0,2054,253,123,378,838,409,1052,44.02,0,0,0,0,0,0,0.0,0.0,0.0,2054,253,123,378,838,409,1052,44.02,0,0,0,0,0,0
ID6502,0.0,0.0,0.0,28270,4474,2139,3956,14131,6795,15585,42.41,30,17,0,0,38,3,0.0,0.0,0.0,32974,5219,2495,4614,16482,7926,18178,42.41,43,24,0,0,50,4,0.0,0.0,0.0,33123,5242,2507,4635,16556,7962,18260,42.41,43,24,0,0,62,5,0.0,0.0,0.0,33661,5327,2547,4710,16825,8091,18557,42.41,48,27,0,0,62,5
ID1509,0.0,0.0,0.0,25004,4510,2196,3019,13284,6462,13261,47.13,5,2,0,0,0,0,0.0,0.0,0.0,26405,4763,2320,3188,14028,6824,14004,47.13,5,2,0,0,0,0,0.0,0.0,0.0,26763,4828,2351,3231,14219,6917,14194,47.13,5,2,0,0,0,0,0.0,0.0,0.0,32173,5805,2827,3884,17094,8315,17061,47.13,7,3,0,0,0,0
ID7207,0.0,0.0,0.0,6911,1612,787,790,4132,2022,3556,53.05,0,0,100,1,0,0,0.0,0.0,0.0,11058,2579,1258,1264,6611,3236,5689,53.05,0,0,100,1,0,0,0.0,0.0,0.0,12232,2853,1392,1398,7313,3579,6293,53.05,0,0,100,1,0,0,0.0,0.0,0.0,14449,3370,1644,1651,8638,4228,7434,53.05,0,0,100,1,0,0
ID8104,0.0,0.0,0.0,0,0,0,0,0,0,0,0,0,0,0,0,0,0,0.0,0.0,0.0,0,0,0,0,0,0,0,0,0,0,0,0,0,0,0.0,0.0,0.0,0,0,0,0,0,0,0,0,0,0,0,0,0,0,0.0,0.0,0.0,0,0,0,0,0,0,0,0,0,0,0,0,0,0
ID8109,0.0,0.0,0.0,0,0,0,0,0,0,0,0,0,0,0,0,0,0,0.0,0.0,0.0,0,0,0,0,0,0,0,0,0,0,0,0,0,0,0.0,0.0,0.0,0,0,0,0,0,0,0,0,0,0,0,0,0,0,0.0,0.0,0.0,0,0,0,0,0,0,0,0,0,0,0,0,0,0
ID7401,0.0,0.0,0.0,0,0,0,0,0,0,0,0,0,0,0,0,0,0,0.0,0.0,0.0,0,0,0,0,0,0,0,0,0,0,0,0,0,0,0.0,0.0,0.0,0,0,0,0,0,0,0,0,0,0,0,0,0,0,0.0,0.0,0.0,0,0,0,0,0,0,0,0,0,0,0,0,0,0
ID7415,0.0,0.0,0.0,0,0,0,0,0,0,0,0,0,0,0,0,0,0,0.0,0.0,0.0,0,0,0,0,0,0,0,0,0,0,0,0,0,0,0.0,0.0,0.0,0,0,0,0,0,0,0,0,0,0,0,0,0,0,0.0,0.0,0.0,0,0,0,0,0,0,0,0,0,0,0,0,0,0
ID7414,0.0,0.0,0.0,0,0,0,0,0,0,0,0,0,0,0,0,0,0,0.0,0.0,0.0,0,0,0,0,0,0,0,0,0,0,0,0,0,0,0.0,0.0,0.0,0,0,0,0,0,0,0,0,0,0,0,0,0,0,0.0,0.0,0.0,0,0,0,0,0,0,0,0,0,0,0,0,0,0
ID7409,0.0,0.0,0.0,0,0,0,0,0,0,0,0,0,0,0,0,0,0,0.0,0.0,0.0,0,0,0,0,0,0,0,0,0,0,0,0,0,0,0.0,0.0,0.0,0,0,0,0,0,0,0,0,0,0,0,0,0,0,0.0,0.0,0.0,0,0,0,0,0,0,0,0,0,0,0,0,0,0
ID3207,0.0,0.0,0.0,26525,3096,1506,6948,10087,4900,12055,47.96,0,1,0,0,0,0,0.0,0.0,0.0,31533,3677,1789,8271,11983,5821,14324,47.97,1,2,0,0,0,0,0.0,0.0,0.0,32857,3830,1863,8621,12485,6065,14924,47.98,1,2,0,0,0,0,0.0,0.0,0.0,35739,4165,2026,9382,13576,6595,16229,47.98,1,2,17,1,0,0
ID3203,0.0,0.0,0.0,6878,1088,530,1095,3349,1633,3553,46.13,0,0,0,0,0,0,0.0,0.0,0.0,7685,1217,593,1222,3746,1827,3971,46.15,0,0,0,0,0,0,0.0,0.0,0.0,8804,1395,680,1399,4293,2094,4548,46.16,0,0,0,0,0,0,0.0,0.0,0.0,10148,1609,784,1612,4950,2414,5242,46.17,0,0,0,0,0,0
ID3301,0.0,0.0,0.0,62479,7881,3830,13152,25467,12364,30776,44.66,4,10,9,3,6,3,0.0,0.0,0.0,104918,13228,6430,22088,42756,20758,51680,44.65,6,17,18,6,8,4,0.0,0.0,0.0,121385,15305,7439,25543,49471,24018,59800,44.64,8,21,18,6,8,4,0.0,0.0,0.0,151075,19051,9260,31771,61579,29896,74441,44.64,10,26,24,8,10,5
ID3209,0.0,0.0,0.0,62290,9950,4817,8808,28054,13596,33758,41.42,0,1,0,0,1,1,0.0,0.0,0.0,88685,14167,6858,12541,39942,19358,48063,41.42,3,9,0,0,2,2,0.0,0.0,0.0,88695,14169,6858,12542,39946,19360,48068,41.42,3,9,0,0,2,2,0.0,0.0,0.0,100808,16105,7795,14253,45403,22005,54634,41.42,4,13,0,0,3,3
ID1210,0.0,0.0,0.0,1031,169,82,163,555,270,490,54.36,0,0,0,0,0,0,0.0,0.0,0.0,1042,171,83,165,561,273,495,54.36,0,0,0,0,0,0,0.0,0.0,0.0,1042,171,83,165,561,273,495,54.36,0,0,0,0,0,0,0.0,0.0,0.0,1042,171,83,165,561,273,495,54.36,0,0,0,0,0,0
ID1388,0.0,0.0,0.0,2072,263,127,462,875,426,974,48.33,0,0,0,0,0,0,0.0,0.0,0.0,2347,302,147,511,1003,488,1110,48.29,0,0,0,0,0,0,0.0,0.0,0.0,2347,302,147,511,1003,488,1110,48.29,0,0,0,0,0,0,0.0,0.0,0.0,2347,302,147,511,1003,488,1110,48.29,0,0,0,0,0,0
ID1688,0.0,0.0,0.0,317,48,23,48,152,74,170,43.72,0,0,0,0,0,0,0.0,0.0,0.0,317,48,23,48,152,74,170,43.72,0,0,0,0,0,0,0.0,0.0,0.0,317,48,23,48,152,74,170,43.72,0,0,0,0,0,0,0.0,0.0,0.0,317,48,23,48,152,74,170,43.72,0,0,0,0,0,0
ID1888,0.0,0.0,0.0,119,21,10,18,62,30,62,47.34,0,0,0,0,0,0,0.0,0.0,0.0,119,21,10,18,62,30,62,47.34,0,0,0,0,0,0,0.0,0.0,0.0,119,21,10,18,62,30,62,47.34,0,0,0,0,0,0,0.0,0.0,0.0,119,21,10,18,62,30,62,47.34,0,0,0,0,0,0
ID7188,0.0,0.0,0.0,2925,361,175,857,1104,536,1327,49.58,0,0,0,0,0,0,0.0,0.0,0.0,2925,361,175,857,1104,536,1327,49.58,0,0,0,0,0,0,0.0,0.0,0.0,2925,361,175,857,1104,536,1327,49.58,0,0,0,0,0,0,0.0,0.0,0.0,2925,361,175,857,1104,536,1327,49.58,0,0,0,0,0,0
ID1288,0.0,0.0,0.0,10678,1843,895,2104,5748,2811,4782,59.86,0,0,0,0,0,0,0.0,0.0,0.0,10832,1869,908,2134,5831,2852,4851,59.86,0,0,0,0,0,0,0.0,0.0,0.0,10542,1818,884,2076,5672,2774,4723,59.81,0,0,0,0,0,0,0.0,0.0,0.0,10216,1760,856,2011,5493,2687,4580,59.74,0,0,0,0,0,0
ID9436,0.0,0.0,0.0,785,105,50,45,450,212,442,41.89,0,0,0,0,0,0,0.0,0.0,0.0,785,105,50,45,450,212,442,41.89,0,0,0,0,0,0,0.0,0.0,0.0,785,105,50,45,450,212,442,41.89,0,0,0,0,0,0,0.0,0.0,0.0,785,105,50,45,450,212,442,41.89,0,0,0,0,0,0
ID1212,0.0,0.0,0.0,43825,7515,3642,5426,22305,10809,22772,46.23,5,5,11,1,6,1,0.0,0.0,0.0,66370,11385,5518,8207,33799,16378,34487,46.24,8,8,11,1,6,1,0.0,0.0,0.0,70690,12126,5877,8739,36001,17445,36732,46.24,8,8,22,2,6,1,0.0,0.0,0.0,82601,14175,6870,10214,42059,20380,42923,46.23,10,10,22,2,6,1
ID3321,0.0,0.0,0.0,180855,27254,13247,29157,80797,39239,92815,43.5,14,19,17,2,0,0,0.0,0.0,0.0,214621,32345,15722,34645,95875,46562,110118,43.52,24,33,17,2,0,0,0.0,0.0,0.0,219253,33042,16061,35395,97944,47567,112497,43.52,26,36,17,2,0,0,0.0,0.0,0.0,235836,35547,17278,38066,105362,51169,121009,43.52,28,38,17,2,0,0
ID1311,0.0,0.0,0.0,7583,1257,617,1018,3854,1883,4066,46.23,0,0,0,0,0,0,0.0,0.0,0.0,8828,1464,719,1186,4486,2192,4733,46.23,0,0,0,0,0,0,0.0,0.0,0.0,9686,1606,788,1301,4923,2405,5193,46.23,0,0,0,0,0,0,0.0,0.0,0.0,11349,1882,924,1524,5768,2818,6085,46.23,0,0,0,0,0,0
ID9434,0.0,0.0,0.0,19,4,2,2,12,6,10,50.01,0,0,0,0,0,0,0.0,0.0,0.0,24,5,2,2,15,7,13,48.3,0,0,0,0,0,0,0.0,0.0,0.0,24,5,2,2,15,7,13,48.3,0,0,0,0,0,0,0.0,0.0,0.0,24,5,2,2,15,7,13,48.3,0,0,0,0,0,0
ID5205,0.0,0.0,0.0,1033,169,82,150,541,262,534,50.04,0,1,0,0,0,0,0.0,0.0,0.0,1033,169,82,150,541,262,534,50.04,0,1,0,0,0,0,0.0,0.0,0.0,1033,169,82,150,541,262,534,50.04,0,1,0,0,0,0,0.0,0.0,0.0,1033,169,82,150,541,262,534,50.04,0,1,0,0,0,0
ID7205,0.0,0.0,0.0,3751,587,289,533,2014,985,1931,49.18,0,0,0,0,0,0,0.0,0.0,0.0,4404,689,339,626,2365,1157,2267,49.18,0,0,0,0,0,0,0.0,0.0,0.0,4469,699,344,635,2399,1174,2300,49.18,0,0,0,0,0,0,0.0,0.0,0.0,5260,822,405,747,2824,1381,2708,49.18,0,0,0,0,0,0
ID1611,0.0,0.0,0.0,7418,809,391,1280,3088,1506,4029,40.29,0,0,0,0,0,0,0.0,0.0,0.0,9270,1010,489,1599,3859,1882,5035,40.29,0,0,0,0,0,0,0.0,0.0,0.0,10702,1166,564,1847,4455,2172,5813,40.29,0,0,0,0,0,0,0.0,0.0,0.0,12187,1328,642,2103,5074,2474,6620,40.29,0,0,0,0,0,0
ID5311,0.0,0.0,0.0,557,76,37,101,256,124,277,49.4,0,0,0,0,0,0,0.0,0.0,0.0,557,76,37,101,256,124,277,49.4,0,0,0,0,0,0,0.0,0.0,0.0,557,76,37,101,256,124,277,49.4,0,0,0,0,0,0,0.0,0.0,0.0,557,76,37,101,256,124,277,49.4,0,0,0,0,0,0
ID7316,0.0,0.0,0.0,4172,574,280,785,2018,985,2134,49.9,2,5,0,0,0,0,0.0,0.0,0.0,4275,588,287,805,2067,1009,2186,49.9,2,5,17,1,1,1,0.0,0.0,0.0,4283,589,287,806,2071,1011,2190,49.9,2,5,17,1,1,1,0.0,0.0,0.0,4283,589,287,806,2071,1011,2190,49.9,2,7,17,1,1,1
ID9101,0.0,0.0,0.0,2338,488,241,217,1398,679,1254,50.73,4,3,0,0,0,0,0.0,0.0,0.0,2666,556,275,247,1593,774,1431,50.65,4,3,0,0,0,0,0.0,0.0,0.0,2675,558,276,248,1598,776,1435,50.65,4,3,0,0,0,0,0.0,0.0,0.0,2882,601,297,267,1722,836,1547,50.61,5,4,0,0,0,0
ID5309,0.0,0.0,0.0,8,1,1,2,4,2,4,56.0,0,0,0,0,0,0,0.0,0.0,0.0,8,1,1,2,4,2,4,56.0,0,0,0,0,0,0,0.0,0.0,0.0,8,1,1,2,4,2,4,56.0,0,0,0,0,0,0,0.0,0.0,0.0,8,1,1,2,4,2,4,56.0,0,0,0,0,0,0
ID3205,0.0,0.0,0.0,8717,1485,722,1242,4490,2188,4545,47.46,3,4,0,0,0,0,0.0,0.0,0.0,8717,1485,722,1242,4490,2188,4545,47.46,3,4,0,0,0,0,0.0,0.0,0.0,8717,1485,722,1242,4490,2188,4545,47.46,3,4,0,0,0,0,0.0,0.0,0.0,9019,1536,747,1285,4645,2263,4702,47.46,3,4,0,0,0,0
ID1113,0.0,0.0,0.0,1901,354,172,201,1045,514,1030,48.69,0,0,0,0,0,0,0.0,0.0,0.0,2073,386,187,220,1140,560,1124,48.69,0,0,0,0,0,0,0.0,0.0,0.0,2104,391,190,223,1157,568,1140,48.69,0,0,0,0,0,0,0.0,0.0,0.0,2123,395,192,225,1167,573,1151,48.69,0,0,0,0,0,0
ID5104,0.0,0.0,0.0,0,0,0,0,0,0,0,0,0,0,0,0,0,0,0.0,0.0,0.0,0,0,0,0,0,0,0,0,0,0,0,0,0,0,0.0,0.0,0.0,0,0,0,0,0,0,0,0,0,0,0,0,0,0,0.0,0.0,0.0,0,0,0,0,0,0,0,0,0,0,0,0,0,0
ID7502,0.0,0.0,0.0,15375,2226,1083,2433,7010,3432,8009,44.37,11,3,0,0,0,0,0.0,0.0,0.0,18872,2731,1328,2986,8607,4214,9834,44.37,11,3,0,0,0,0,0.0,0.0,0.0,18934,2740,1332,2996,8635,4228,9867,44.37,11,3,0,0,0,0,0.0,0.0,0.0,25027,3620,1759,3961,11416,5590,13046,44.36,11,3,0,0,0,0
ID7505,0.0,0.0,0.0,452,66,32,66,219,107,242,44.73,0,0,0,0,0,0,0.0,0.0,0.0,452,66,32,66,219,107,242,44.73,0,0,0,0,0,0,0.0,0.0,0.0,452,66,32,66,219,107,242,44.73,0,0,0,0,0,0,0.0,0.0,0.0,452,66,32,66,219,107,242,44.73,0,0,0,0,0,0
ID7306,0.0,0.0,0.0,17585,2537,1240,2811,8044,3924,9160,45.6,1,4,0,0,0,0,0.0,0.0,0.0,17585,2537,1240,2811,8044,3924,9160,45.6,1,5,0,0,0,0,0.0,0.0,0.0,17585,2537,1240,2811,8044,3924,9160,45.6,1,5,0,0,0,0,0.0,0.0,0.0,27690,3988,1949,4430,12663,6179,14429,45.59,1,5,0,0,0,0
ID3525,0.0,0.0,0.0,58713,7753,3749,9722,24667,11953,30217,41.38,0,0,0,0,7,1,0.0,0.0,0.0,76977,10167,4917,12715,32358,15681,39635,41.36,3,3,6,1,13,2,0.0,0.0,0.0,87323,11537,5579,14412,36717,17793,44969,41.36,4,4,6,1,13,2,0.0,0.0,0.0,100247,13238,6402,16598,42115,20408,51595,41.38,4,4,6,1,13,2
ID3315,0.0,0.0,0.0,94856,13031,6333,19558,38907,18916,45849,44.85,6,3,0,0,0,0,0.0,0.0,0.0,110805,15221,7397,22849,45446,22095,53556,44.85,8,4,0,0,0,0,0.0,0.0,0.0,114840,15775,7666,23681,47100,22899,55505,44.85,11,6,0,0,0,0,0.0,0.0,0.0,127787,17553,8530,26354,52407,25479,61761,44.85,11,6,30,3,0,0
ID3403,0.0,0.0,0.0,1,0,0,0,0,0,0,54.96,0,0,0,0,0,0,0.0,0.0,0.0,1,0,0,0,0,0,0,54.96,0,0,0,0,0,0,0.0,0.0,0.0,1,0,0,0,0,0,0,54.96,0,0,0,0,0,0,0.0,0.0,0.0,1,0,0,0,0,0,0,54.96,0,0,0,0,0,0
ID6211,0.0,0.0,0.0,15275,2622,1267,1876,8162,3967,8527,45.2,0,0,100,1,0,0,0.0,0.0,0.0,17402,2987,1443,2143,9295,4517,9711,45.22,0,0,100,1,0,0,0.0,0.0,0.0,17637,3027,1463,2171,9421,4578,9841,45.22,0,0,100,1,0,0,0.0,0.0,0.0,19104,3279,1585,2350,10205,4960,10661,45.21,0,0,100,1,0,0
ID8201,0.0,0.0,0.0,4196,644,314,608,1967,954,2320,43.09,0,0,0,0,0,0,0.0,0.0,0.0,4263,654,319,618,1998,970,2357,43.09,0,0,0,0,0,0,0.0,0.0,0.0,4263,654,319,618,1998,970,2357,43.09,0,0,0,0,0,0,0.0,0.0,0.0,4273,656,320,619,2003,972,2362,43.09,0,0,0,0,0,0
ID8204,0.0,0.0,0.0,4,1,0,0,2,1,2,44.11,0,0,0,0,0,0,0.0,0.0,0.0,7,1,1,1,4,2,4,44.11,0,0,0,0,0,0,0.0,0.0,0.0,322,48,24,34,170,84,180,44.11,0,0,0,0,0,0,0.0,0.0,0.0,344,51,25,37,182,90,193,44.11,0,0,0,0,0,0
ID8202,0.0,0.0,0.0,828,172,85,89,494,239,439,49.43,4,1,0,0,0,0,0.0,0.0,0.0,2731,568,279,292,1630,789,1449,49.43,8,2,0,0,0,0,0.0,0.0,0.0,3020,629,308,323,1803,872,1602,49.43,8,2,0,0,0,0,0.0,0.0,0.0,5595,1165,571,599,3340,1616,2969,49.43,8,2,0,0,0,0
ID8206,0.0,0.0,0.0,938,170,82,107,520,251,520,47.53,0,0,0,0,0,0,0.0,0.0,0.0,994,180,87,113,551,266,551,47.53,0,0,0,0,0,0,0.0,0.0,0.0,1088,197,95,124,603,291,603,47.53,0,0,0,0,0,0,0.0,0.0,0.0,1101,200,97,125,610,295,611,47.53,0,0,0,0,0,0
ID8205,0.0,0.0,0.0,2444,446,221,305,1384,677,1270,51.26,0,0,0,0,0,0,0.0,0.0,0.0,2467,450,223,308,1397,684,1282,51.26,0,0,0,0,0,0,0.0,0.0,0.0,2467,450,223,308,1397,684,1282,51.26,0,0,0,0,0,0,0.0,0.0,0.0,2825,516,255,353,1599,783,1468,51.26,0,0,0,0,0,0
ID6306,0.0,0.0,0.0,21431,3267,1583,3350,10082,4925,10578,46.03,10,6,33,1,14,2,0.0,0.0,0.0,24808,3782,1833,3878,11670,5701,12245,46.03,16,10,33,1,21,3,0.0,0.0,0.0,25218,3844,1863,3942,11863,5795,12447,46.03,21,13,33,1,21,3,0.0,0.0,0.0,25829,3937,1908,4037,12150,5935,12749,46.03,24,15,33,1,29,4
ID6307,0.0,0.0,0.0,5230,792,388,825,2420,1184,2537,45.25,2,2,0,0,0,0,0.0,0.0,0.0,6597,999,490,1041,3053,1493,3200,45.25,2,3,0,0,0,0,0.0,0.0,0.0,6791,1028,504,1072,3142,1537,3294,45.25,2,3,0,0,0,0,0.0,0.0,0.0,6859,1039,509,1082,3174,1552,3327,45.25,2,3,0,0,0,0
ID6308,0.0,0.0,0.0,67378,11028,5344,9628,33057,16099,33725,47.11,28,40,0,0,18,5,0.0,0.0,0.0,85903,14060,6813,12275,42145,20525,42997,47.11,38,55,0,0,26,7,0.0,0.0,0.0,88944,14558,7054,12710,43637,21251,44519,47.11,41,59,0,0,30,8,0.0,0.0,0.0,89922,14718,7132,12850,44116,21485,45008,47.11,49,71,0,0,33,9
ID1215,0.0,0.0,0.0,899,161,78,172,522,252,400,64.32,0,0,0,0,0,0,0.0,0.0,0.0,899,161,78,172,522,252,400,64.32,0,0,0,0,0,0,0.0,0.0,0.0,899,161,78,172,522,252,400,64.32,0,0,0,0,0,0,0.0,0.0,0.0,899,161,78,172,522,252,400,64.32,0,0,0,0,0,0
ID3399,0.0,0.0,0.0,0,0,0,0,0,0,0,0,0,0,0,0,0,0,0.0,0.0,0.0,0,0,0,0,0,0,0,0,0,0,0,0,0,0,0.0,0.0,0.0,0,0,0,0,0,0,0,0,0,0,0,0,0,0,0.0,0.0,0.0,0,0,0,0,0,0,0,0,0,0,0,0,0,0
ID1403,0.0,0.0,0.0,85070,13625,6600,10733,43264,21067,46172,43.99,23,6,25,1,50,3,0.0,0.0,0.0,138194,22132,10721,17437,70279,34221,75006,43.99,46,12,25,1,50,3,0.0,0.0,0.0,153995,24663,11946,19431,78314,38134,83582,43.99,46,12,25,1,50,3,0.0,0.0,0.0,184750,29588,14332,23311,93955,45750,100274,43.99,65,17,50,2,50,3
ID1402,0.0,0.0,0.0,39255,6786,3308,3895,21444,10434,21318,45.7,7,2,0,0,0,0,0.0,0.0,0.0,41963,7254,3536,4164,22923,11154,22788,45.7,10,3,0,0,0,0,0.0,0.0,0.0,43265,7479,3646,4293,23634,11500,23495,45.7,10,3,0,0,0,0,0.0,0.0,0.0,46588,8054,3926,4623,25449,12383,25300,45.7,13,4,0,0,0,0
ID3212,0.0,0.0,0.0,167430,22026,10777,25993,70684,34500,89381,40.51,4,1,33,1,0,0,0.0,0.0,0.0,214535,28218,13807,33299,90568,44205,114532,40.51,4,1,33,1,0,0,0.0,0.0,0.0,229938,30242,14797,35688,97069,47378,122757,40.51,4,1,33,1,0,0,0.0,0.0,0.0,244580,32166,15739,37959,103249,50395,130574,40.51,4,1,33,1,0,0
ID9435,0.0,0.0,0.0,858,62,31,99,311,147,548,29.06,0,0,0,0,0,0,0.0,0.0,0.0,1030,75,37,119,374,176,658,29.08,0,0,0,0,0,0,0.0,0.0,0.0,1030,75,37,119,374,176,658,29.08,0,0,0,0,0,0,0.0,0.0,0.0,1033,75,38,119,375,177,660,29.07,0,0,0,0,0,0
ID9403,0.0,0.0,0.0,6180,1907,939,689,4580,2240,2929,68.8,0,0,0,0,0,0,0.0,0.0,0.0,7097,2190,1078,791,5260,2572,3363,68.82,0,0,0,0,0,0,0.0,0.0,0.0,7140,2203,1085,796,5292,2588,3383,68.82,0,0,0,0,0,0,0.0,0.0,0.0,7322,2260,1113,816,5428,2654,3470,68.82,0,0,0,0,0,0
ID9402,0.0,0.0,0.0,10084,1549,752,1171,4944,2384,5484,40.89,5,2,0,0,0,0,0.0,0.0,0.0,10882,1672,811,1264,5335,2573,5918,40.89,5,2,0,0,0,0,0.0,0.0,0.0,10912,1677,814,1268,5350,2580,5935,40.89,7,3,0,0,0,0,0.0,0.0,0.0,11943,1835,890,1387,5855,2824,6495,40.89,7,3,0,0,0,0
ID3509,0.0,0.0,0.0,69812,7699,3753,16464,26047,12711,34139,44.54,1,1,0,0,10,1,0.0,0.0,0.0,91220,10066,4906,21516,34031,16608,44598,44.54,1,2,0,0,10,1,0.0,0.0,0.0,96833,10684,5208,22840,36126,17630,47344,44.54,2,3,0,0,10,1,0.0,0.0,0.0,103323,11399,5556,24370,38547,18812,50519,44.54,3,4,0,0,10,1
ID5101,0.0,0.0,0.0,0,0,0,0,0,0,0,0,0,0,0,0,0,0,0.0,0.0,0.0,0,0,0,0,0,0,0,0,0,0,0,0,0,0,0.0,0.0,0.0,0,0,0,0,0,0,0,0,0,0,0,0,0,0,0.0,0.0,0.0,0,0,0,0,0,0,0,0,0,0,0,0,0,0
ID7304,0.0,0.0,0.0,3462,478,235,552,1546,756,1836,44.61,0,0,0,0,0,0,0.0,0.0,0.0,3462,478,235,552,1546,756,1836,44.61,0,0,0,0,0,0,0.0,0.0,0.0,3462,478,235,552,1546,756,1836,44.61,0,0,0,0,0,0,0.0,0.0,0.0,3462,478,235,552,1546,756,1836,44.61,0,0,0,0,0,0
ID3320,0.0,0.0,0.0,2011,289,141,347,875,426,1035,43.61,0,0,0,0,0,0,0.0,0.0,0.0,4574,651,317,799,1979,963,2354,43.61,0,0,0,0,0,0,0.0,0.0,0.0,6348,906,441,1106,2750,1338,3267,43.61,0,0,0,0,0,0,0.0,0.0,0.0,7211,1028,500,1258,3123,1519,3711,43.61,0,0,0,0,0,0
ID3517,0.0,0.0,0.0,91354,11886,5757,18357,37614,18268,44360,44.22,2,2,14,5,12,1,0.0,0.0,0.0,112143,14588,7065,22535,46176,22426,54455,44.23,3,3,19,7,12,1,0.0,0.0,0.0,115885,15074,7300,23288,47717,23174,56272,44.23,4,4,19,7,12,1,0.0,0.0,0.0,124417,16183,7837,25003,51231,24880,60415,44.23,4,4,19,7,12,1
ID9102,0.0,0.0,0.0,1058,177,87,78,604,293,602,43.98,22,2,33,1,0,0,0.0,0.0,0.0,1181,198,97,87,674,328,672,43.98,22,2,33,1,0,0,0.0,0.0,0.0,1220,204,100,90,696,338,694,43.97,22,2,33,1,0,0,0.0,0.0,0.0,1335,223,110,98,761,370,759,43.97,22,2,33,1,0,0
ID1406,0.0,0.0,0.0,59350,11300,5474,5615,31986,15508,32498,44.69,7,6,0,0,8,1,0.0,0.0,0.0,74019,14098,6829,6999,39894,19342,40531,44.69,11,9,25,2,15,2,0.0,0.0,0.0,77272,14718,7129,7306,41648,20192,42313,44.69,13,11,25,2,15,2,0.0,0.0,0.0,85356,16260,7876,8068,46006,22305,46740,44.69,15,13,25,2,23,3
ID6203,0.0,0.0,0.0,66861,8531,4153,9912,29802,14455,36592,40.53,21,10,0,0,22,2,0.0,0.0,0.0,104235,13299,6474,15454,46461,22534,57046,40.53,38,18,0,0,33,3,0.0,0.0,0.0,108024,13783,6709,16016,48150,23354,59119,40.53,44,21,0,0,44,4,0.0,0.0,0.0,117453,14994,7299,17410,52366,25399,64271,40.54,52,25,0,0,44,4
ID6108,0.0,0.0,0.0,59332,9747,4741,7486,29941,14619,31443,44.46,82,58,100,1,67,4,0.0,0.0,0.0,64500,10595,5154,8138,32548,15893,34182,44.46,87,62,100,1,67,4,0.0,0.0,0.0,65204,10711,5211,8227,32903,16066,34555,44.46,87,62,100,1,67,4,0.0,0.0,0.0,66555,10933,5319,8397,33585,16399,35271,44.46,89,63,100,1,67,4
ID5107,0.0,0.0,0.0,0,0,0,0,0,0,0,0,0,0,0,0,0,0,0.0,0.0,0.0,0,0,0,0,0,0,0,0,0,0,0,0,0,0,0.0,0.0,0.0,0,0,0,0,0,0,0,0,0,0,0,0,0,0,0.0,0.0,0.0,0,0,0,0,0,0,0,0,0,0,0,0,0,0
ID3313,0.0,0.0,0.0,6177,817,397,1410,2470,1204,2938,46.55,0,0,0,0,0,0,0.0,0.0,0.0,9189,1207,587,2091,3661,1786,4373,46.38,0,0,0,0,4,1,0.0,0.0,0.0,9804,1288,627,2231,3907,1906,4666,46.39,0,0,0,0,4,1,0.0,0.0,0.0,12075,1589,773,2749,4815,2348,5746,46.42,0,0,0,0,9,2
ID3215,0.0,0.0,0.0,368243,53255,25849,50661,167751,81545,200395,41.5,26,38,42,14,19,8,0.0,0.0,0.0,432136,62511,30342,59407,196885,95707,235199,41.49,29,42,46,15,21,9,0.0,0.0,0.0,450354,65140,31618,61929,205174,99736,245101,41.49,29,43,46,15,23,10,0.0,0.0,0.0,480564,69501,33734,66104,218923,106420,261527,41.5,33,49,48,16,23,10
ID2101,0.0,0.0,0.0,0,0,0,0,0,0,0,0,0,0,0,0,0,0,0.0,0.0,0.0,0,0,0,0,0,0,0,0,0,0,0,0,0,0,0.0,0.0,0.0,0,0,0,0,0,0,0,0,0,0,0,0,0,0,0.0,0.0,0.0,0,0,0,0,0,0,0,0,0,0,0,0,0,0
ID1211,0.0,0.0,0.0,1148,172,84,193,558,273,568,49.89,0,0,0,0,0,0,0.0,0.0,0.0,1311,196,96,221,635,311,649,49.8,0,0,0,0,0,0,0.0,0.0,0.0,1311,196,96,221,635,311,649,49.8,0,0,0,0,0,0,0.0,0.0,0.0,1372,205,100,230,665,325,680,49.76,0,0,0,0,0,0
ID6209,0.0,0.0,0.0,24454,4169,2020,2965,13317,6489,13187,47.08,0,0,0,0,0,0,0.0,0.0,0.0,28509,4861,2355,3457,15525,7565,15373,47.08,0,0,0,0,0,0,0.0,0.0,0.0,29870,5093,2467,3622,16265,7926,16107,47.08,0,0,0,0,0,0,0.0,0.0,0.0,34076,5810,2815,4132,18556,9043,18375,47.08,0,0,0,0,0,0
ID1704,0.0,0.0,0.0,837,126,62,126,412,202,436,45.52,0,0,0,0,25,1,0.0,0.0,0.0,1612,243,119,243,794,389,840,45.52,0,0,0,0,25,1,0.0,0.0,0.0,1618,244,119,244,797,391,843,45.52,0,0,0,0,25,1,0.0,0.0,0.0,1628,246,120,245,802,393,848,45.52,0,0,0,0,25,1
ID6111,0.0,0.0,0.0,6188,1015,487,811,3161,1540,3361,45.28,10,1,0,0,0,0,0.0,0.0,0.0,9504,1561,748,1248,4858,2367,5160,45.35,10,1,0,0,25,1,0.0,0.0,0.0,10664,1752,840,1401,5452,2657,5789,45.37,10,1,0,0,25,1,0.0,0.0,0.0,13160,2163,1037,1730,6730,3280,7142,45.4,10,1,0,0,25,1
ID3305,0.0,0.0,0.0,18681,2490,1205,4324,7691,3721,8864,47.17,4,7,0,0,0,0,0.0,0.0,0.0,26923,3590,1738,6228,11088,5364,12778,47.16,6,12,0,0,0,0,0.0,0.0,0.0,30565,4076,1973,7069,12589,6091,14508,47.16,6,13,0,0,0,0,0.0,0.0,0.0,36135,4819,2333,8355,14884,7201,17153,47.16,8,17,0,0,0,0
ID3506,0.0,0.0,0.0,34200,4226,2054,7577,13400,6525,16375,44.22,3,2,0,0,5,1,0.0,0.0,0.0,43034,5323,2588,9506,16881,8221,20611,44.21,3,2,0,0,5,1,0.0,0.0,0.0,44854,5547,2698,9909,17594,8568,21482,44.21,4,3,0,0,5,1,0.0,0.0,0.0,52296,6468,3146,11552,20513,9990,25047,44.21,4,3,0,0,5,1
ID9420,0.0,0.0,0.0,5090,1638,799,588,3718,1801,2389,66.21,0,0,0,0,0,0,0.0,0.0,0.0,6036,1943,948,697,4409,2136,2833,66.22,0,0,0,0,0,0,0.0,0.0,0.0,6055,1949,951,699,4422,2143,2842,66.22,0,0,0,0,0,0,0.0,0.0,0.0,7134,2296,1120,823,5212,2525,3349,66.24,25,1,0,0,0,0
ID3324,0.0,0.0,0.0,39251,4940,2408,6897,16137,7872,19883,41.25,0,0,0,0,0,0,0.0,0.0,0.0,50259,6325,3083,8831,20663,10079,25459,41.25,0,0,0,0,0,0,0.0,0.0,0.0,52961,6665,3249,9306,21773,10621,26828,41.25,0,0,0,0,0,0,0.0,0.0,0.0,56098,7060,3441,9857,23063,11250,28417,41.25,0,0,0,0,0,0
ID1708,0.0,0.0,0.0,3894,582,279,557,1782,862,2116,41.15,1,1,0,0,0,0,0.0,0.0,0.0,4141,618,296,592,1895,917,2250,41.15,1,1,0,0,0,0,0.0,0.0,0.0,4505,673,322,644,2062,997,2448,41.15,2,2,0,0,0,0,0.0,0.0,0.0,4535,677,324,649,2076,1004,2464,41.15,2,2,0,0,0,0
ID2105,0.0,0.0,0.0,0,0,0,0,0,0,0,0,0,0,0,0,0,0,0.0,0.0,0.0,0,0,0,0,0,0,0,0,0,0,0,0,0,0,0.0,0.0,0.0,0,0,0,0,0,0,0,0,0,0,0,0,0,0,0.0,0.0,0.0,0,0,0,0,0,0,0,0,0,0,0,0,0,0
ID8105,0.0,0.0,0.0,0,0,0,0,0,0,0,0,0,0,0,0,0,0,0.0,0.0,0.0,0,0,0,0,0,0,0,0,0,0,0,0,0,0,0.0,0.0,0.0,0,0,0,0,0,0,0,0,0,0,0,0,0,0,0.0,0.0,0.0,0,0,0,0,0,0,0,0,0,0,0,0,0,0
ID1301,0.0,0.0,0.0,0,0,0,0,0,0,0,0,0,0,0,0,0,0,0.0,0.0,0.0,0,0,0,0,0,0,0,0,0,0,0,0,0,0,0.0,0.0,0.0,0,0,0,0,0,0,0,0,0,0,0,0,0,0,0.0,0.0,0.0,0,0,0,0,0,0,0,0,0,0,0,0,0,0
ID1410,0.0,0.0,0.0,0,0,0,0,0,0,0,0,0,0,0,0,0,0,0.0,0.0,0.0,0,0,0,0,0,0,0,0,0,0,0,0,0,0,0.0,0.0,0.0,0,0,0,0,0,0,0,0,0,0,0,0,0,0,0.0,0.0,0.0,0,0,0,0,0,0,0,0,0,0,0,0,0,0
ID7103,0.0,0.0,0.0,0,0,0,0,0,0,0,0,0,0,0,0,0,0,0.0,0.0,0.0,0,0,0,0,0,0,0,0,0,0,0,0,0,0,0.0,0.0,0.0,0,0,0,0,0,0,0,0,0,0,0,0,0,0,0.0,0.0,0.0,0,0,0,0,0,0,0,0,0,0,0,0,0,0
ID7301,0.0,0.0,0.0,0,0,0,0,0,0,0,0,0,0,0,0,0,0,0.0,0.0,0.0,0,0,0,0,0,0,0,0,0,0,0,0,0,0,0.0,0.0,0.0,0,0,0,0,0,0,0,0,0,0,0,0,0,0,0.0,0.0,0.0,0,0,0,0,0,0,0,0,0,0,0,0,0,0
ID3101,0.0,0.0,0.0,0,0,0,0,0,0,0,0,0,0,0,0,0,0,0.0,0.0,0.0,0,0,0,0,0,0,0,0,0,0,0,0,0,0,0.0,0.0,0.0,0,0,0,0,0,0,0,0,0,0,0,0,0,0,0.0,0.0,0.0,0,0,0,0,0,0,0,0,0,0,0,0,0,0
ID8203,0.0,0.0,0.0,0,0,0,0,0,0,0,0,0,0,0,0,0,0,0.0,0.0,0.0,0,0,0,0,0,0,0,0,0,0,0,0,0,0,0.0,0.0,0.0,0,0,0,0,0,0,0,0,0,0,0,0,0,0,0.0,0.0,0.0,0,0,0,0,0,0,0,0,0,0,0,0,0,0
ID7104,0.0,0.0,0.0,0,0,0,0,0,0,0,0,0,0,0,0,0,0,0.0,0.0,0.0,0,0,0,0,0,0,0,0,0,0,0,0,0,0,0.0,0.0,0.0,0,0,0,0,0,0,0,0,0,0,0,0,0,0,0.0,0.0,0.0,0,0,0,0,0,0,0,0,0,0,0,0,0,0
ID9408,0.0,0.0,0.0,0,0,0,0,0,0,0,0,0,0,0,0,0,0,0.0,0.0,0.0,0,0,0,0,0,0,0,0,0,0,0,0,0,0,0.0,0.0,0.0,0,0,0,0,0,0,0,0,0,0,0,0,0,0,0.0,0.0,0.0,0,0,0,0,0,0,0,0,0,0,0,0,0,0
ID1501,0.0,0.0,0.0,2974,423,206,615,1230,599,1476,45.15,1,1,0,0,0,0,0.0,0.0,0.0,2974,423,206,615,1230,599,1476,45.15,1,1,0,0,0,0,0.0,0.0,0.0,3573,508,248,739,1477,719,1773,45.15,1,1,0,0,0,0,0.0,0.0,0.0,5973,849,414,1235,2470,1203,2964,45.15,1,1,0,0,0,0
ID6106,0.0,0.0,0.0,84279,12781,6218,9988,41000,19937,47205,40.84,0,0,0,0,67,2,0.0,0.0,0.0,104005,15776,7675,12324,50600,24605,58255,40.84,13,2,0,0,67,2,0.0,0.0,0.0,110007,16685,8117,13036,53520,26024,61616,40.84,13,2,33,1,67,2,0.0,0.0,0.0,116818,17717,8619,13844,56832,27635,65431,40.84,13,2,33,1,100,3
ID3310,0.0,0.0,0.0,7350,871,422,1826,2745,1336,3404,46.18,1,1,0,0,0,0,0.0,0.0,0.0,9965,1182,572,2459,3733,1817,4628,46.09,2,2,0,0,0,0,0.0,0.0,0.0,10397,1233,597,2567,3894,1895,4828,46.09,2,2,0,0,0,0,0.0,0.0,0.0,12766,1515,734,3145,4785,2329,5933,46.07,2,2,0,0,0,0
ID5105,0.0,0.0,0.0,0,0,0,0,0,0,0,0,0,0,0,0,0,0,0.0,0.0,0.0,0,0,0,0,0,0,0,0,0,0,0,0,0,0,0.0,0.0,0.0,0,0,0,0,0,0,0,0,0,0,0,0,0,0,0.0,0.0,0.0,0,0,0,0,0,0,0,0,0,0,0,0,0,0
ID7404,0.0,0.0,0.0,2456,424,205,324,1305,634,1313,47.97,0,0,0,0,0,0,0.0,0.0,0.0,2456,424,205,324,1305,634,1313,47.97,0,0,0,0,0,0,0.0,0.0,0.0,2456,424,205,324,1305,634,1313,47.97,0,0,0,0,0,0,0.0,0.0,0.0,2456,424,205,324,1305,634,1313,47.97,0,0,0,0,0,0
ID7411,0.0,0.0,0.0,989,172,83,131,527,257,528,48.16,0,0,0,0,0,0,0.0,0.0,0.0,1707,296,143,226,909,442,912,48.08,0,0,0,0,0,0,0.0,0.0,0.0,2099,364,176,278,1117,543,1121,48.06,0,0,0,0,0,0,0.0,0.0,0.0,2560,443,215,339,1362,662,1367,48.04,0,0,0,0,0,0
ID7408,0.0,0.0,0.0,1050,174,85,115,544,264,585,44.15,0,0,0,0,0,0,0.0,0.0,0.0,1050,174,85,115,544,264,585,44.15,0,0,0,0,0,0,0.0,0.0,0.0,1050,174,85,115,544,264,585,44.15,0,0,0,0,0,0,0.0,0.0,0.0,1050,174,85,115,544,264,585,44.15,0,0,0,0,0,0
ID7403,0.0,0.0,0.0,13166,2311,1125,1792,7016,3411,7021,47.96,2,1,0,0,0,0,0.0,0.0,0.0,16315,2864,1393,2221,8693,4227,8700,47.96,2,1,0,0,0,0,0.0,0.0,0.0,18827,3304,1608,2564,10031,4877,10040,47.96,2,1,0,0,0,0,0.0,0.0,0.0,21220,3724,1812,2890,11306,5497,11316,47.96,2,1,0,0,0,0
ID7412,0.0,0.0,0.0,0,0,0,0,0,0,0,0,0,0,0,0,0,0,0.0,0.0,0.0,0,0,0,0,0,0,0,0,0,0,0,0,0,0,0.0,0.0,0.0,0,0,0,0,0,0,0,0,0,0,0,0,0,0,0.0,0.0,0.0,0,0,0,0,0,0,0,0,0,0,0,0,0,0
ID7405,0.0,0.0,0.0,3941,698,344,536,2126,1042,2089,48.96,2,1,0,0,0,0,0.0,0.0,0.0,4526,802,395,616,2442,1196,2399,48.96,3,2,0,0,0,0,0.0,0.0,0.0,5051,895,441,687,2725,1335,2678,48.96,3,2,0,0,0,0,0.0,0.0,0.0,7031,1245,614,956,3793,1858,3727,48.96,5,3,0,0,0,0
ID7410,0.0,0.0,0.0,7166,1508,742,724,4241,2090,3865,50.23,0,0,0,0,0,0,0.0,0.0,0.0,9554,2011,990,966,5654,2787,5152,50.23,0,0,0,0,0,0,0.0,0.0,0.0,10337,2176,1071,1045,6118,3015,5575,50.23,0,0,0,0,0,0,0.0,0.0,0.0,11603,2442,1202,1173,6867,3385,6257,50.23,0,0,0,0,0,0
ID8171,0.0,0.0,0.0,0,0,0,0,0,0,0,0,0,0,0,0,0,0,0.0,0.0,0.0,0,0,0,0,0,0,0,0,0,0,0,0,0,0,0.0,0.0,0.0,0,0,0,0,0,0,0,0,0,0,0,0,0,0,0.0,0.0,0.0,0,0,0,0,0,0,0,0,0,0,0,0,0,0
ID6471,0.0,0.0,0.0,2293,367,178,337,1084,525,1221,43.47,0,0,0,0,0,0,0.0,0.0,0.0,2557,410,199,376,1209,586,1362,43.47,0,0,0,0,0,0,0.0,0.0,0.0,2561,410,199,377,1211,587,1364,43.47,0,0,0,0,0,0,0.0,0.0,0.0,2561,410,199,377,1211,587,1364,43.47,0,0,0,0,0,0
ID1171,0.0,0.0,0.0,74432,13760,6729,8705,40575,19834,39230,49.06,38,50,40,6,35,29,0.0,0.0,0.0,108265,19998,9778,12708,59006,28841,57037,49.09,74,99,60,9,57,47,0.0,0.0,0.0,108265,19998,9778,12708,59006,28841,57037,49.09,81,108,73,11,64,53,0.0,0.0,0.0,113678,20999,10268,13339,61957,30284,59891,49.09,90,119,87,13,78,65
ID1871,0.0,0.0,0.0,0,0,0,0,0,0,0,0,0,0,0,0,0,0,0.0,0.0,0.0,0,0,0,0,0,0,0,0,0,0,0,0,0,0,0.0,0.0,0.0,0,0,0,0,0,0,0,0,0,0,0,0,0,0,0.0,0.0,0.0,0,0,0,0,0,0,0,0,0,0,0,0,0,0
ID3273,0.0,0.0,0.0,0,0,0,0,0,0,0,0,0,0,0,0,1,1,0.0,0.0,0.0,0,0,0,0,0,0,0,0,0,0,0,0,1,1,0.0,0.0,0.0,0,0,0,0,0,0,0,0,0,0,0,0,1,1,0.0,0.0,0.0,0,0,0,0,0,0,0,0,0,0,0,0,1,1
ID3279,0.0,0.0,0.0,15413,2098,1027,3374,6299,3055,7363,46.15,7,5,33,2,6,1,0.0,0.0,0.0,16106,2191,1073,3522,6584,3193,7698,46.13,11,8,33,2,6,1,0.0,0.0,0.0,17611,2400,1175,3845,7203,3494,8420,46.12,12,9,33,2,6,1,0.0,0.0,0.0,23809,3249,1591,5191,9744,4726,11384,46.12,12,9,33,2,6,1
ID6372,0.0,0.0,0.0,3041,549,268,335,1554,755,1640,44.69,0,0,0,0,0,0,0.0,0.0,0.0,3059,552,269,338,1562,760,1649,44.68,0,0,0,0,0,0,0.0,0.0,0.0,3059,552,269,338,1562,760,1649,44.68,0,0,0,0,0,0,0.0,0.0,0.0,3059,552,269,338,1562,760,1649,44.68,0,0,0,0,0,0
ID6371,0.0,0.0,0.0,242497,37310,18004,36344,115721,55926,122461,46.0,40,90,31,4,47,17,0.0,0.0,0.0,271082,41707,20126,40630,129361,62518,136895,46.0,54,123,46,6,72,26,0.0,0.0,0.0,290767,44740,21590,43567,138763,67063,146850,46.0,59,133,46,6,78,28,0.0,0.0,0.0,297572,45787,22095,44588,142009,68632,150285,46.0,66,150,54,7,81,29
ID6302,0.0,0.0,0.0,4870,784,388,537,2641,1293,2642,46.0,0,0,0,0,0,0,0.0,0.0,0.0,5461,880,435,602,2961,1450,2962,46.0,0,0,0,0,0,0,0.0,0.0,0.0,5546,893,442,611,3007,1472,3008,46.0,2,1,0,0,0,0,0.0,0.0,0.0,5704,919,454,629,3093,1514,3094,46.0,2,1,0,0,0,0
ID2171,0.0,0.0,0.0,0,0,0,0,0,0,0,0,0,0,0,0,0,0,0.0,0.0,0.0,0,0,0,0,0,0,0,0,0,0,0,0,0,0,0.0,0.0,0.0,0,0,0,0,0,0,0,0,0,0,0,0,0,0,0.0,0.0,0.0,0,0,0,0,0,0,0,0,0,0,0,0,0,0
ID3579,0.0,0.0,0.0,0,0,0,0,0,0,0,0,0,0,0,0,0,0,0.0,0.0,0.0,0,0,0,0,0,0,0,0,0,0,0,0,0,0,0.0,0.0,0.0,0,0,0,0,0,0,0,0,0,0,0,0,0,0,0.0,0.0,0.0,0,0,0,0,0,0,0,0,0,0,0,0,0,0
ID7472,0.0,0.0,0.0,0,0,0,0,0,0,0,0,0,0,0,0,0,0,0.0,0.0,0.0,0,0,0,0,0,0,0,0,0,0,0,0,0,0,0.0,0.0,0.0,0,0,0,0,0,0,0,0,0,0,0,0,0,0,0.0,0.0,0.0,0,0,0,0,0,0,0,0,0,0,0,0,0,0
ID3275,0.0,0.0,0.0,0,0,0,0,0,0,0,0,0,0,0,0,0,0,0.0,0.0,0.0,0,0,0,0,0,0,0,0,0,0,0,0,0,0,0.0,0.0,0.0,0,0,0,0,0,0,0,0,0,0,0,0,0,0,0.0,0.0,0.0,0,0,0,0,0,0,0,0,0,0,0,0,0,0
ID1771,0.0,0.0,0.0,727,123,60,81,362,175,395,43.2,0,0,0,0,0,0,0.0,0.0,0.0,727,123,60,81,362,175,395,43.2,0,0,0,0,0,0,0.0,0.0,0.0,727,123,60,81,362,175,395,43.2,0,0,0,0,0,0,0.0,0.0,0.0,727,123,60,81,362,175,395,43.2,0,0,0,0,0,0
ID5272,0.0,0.0,0.0,2384,385,186,385,1189,579,1225,49.48,0,0,0,0,0,0,0.0,0.0,0.0,2384,385,186,385,1189,579,1225,49.48,0,0,0,0,0,0,0.0,0.0,0.0,2384,385,186,385,1189,579,1225,49.48,0,0,0,0,0,0,0.0,0.0,0.0,2384,385,186,385,1189,579,1225,49.48,0,0,0,0,0,0
ID1276,0.0,0.0,0.0,0,0,0,0,0,0,0,0,0,0,0,0,0,0,0.0,0.0,0.0,0,0,0,0,0,0,0,0,0,0,0,0,0,0,0.0,0.0,0.0,0,0,0,0,0,0,0,0,0,0,0,0,0,0,0.0,0.0,0.0,0,0,0,0,0,0,0,0,0,0,0,0,0,0
ID7172,0.0,0.0,0.0,0,0,0,0,0,0,0,0,0,0,0,0,0,0,0.0,0.0,0.0,0,0,0,0,0,0,0,0,0,0,0,0,0,0,0.0,0.0,0.0,0,0,0,0,0,0,0,0,0,0,0,0,0,0,0.0,0.0,0.0,0,0,0,0,0,0,0,0,0,0,0,0,0,0
ID3572,0.0,0.0,0.0,0,0,0,0,0,0,0,0,0,0,0,0,0,0,0.0,0.0,0.0,0,0,0,0,0,0,0,0,0,0,0,0,0,0,0.0,0.0,0.0,0,0,0,0,0,0,0,0,0,0,0,0,0,0,0.0,0.0,0.0,0,0,0,0,0,0,0,0,0,0,0,0,0,0
ID3271,0.0,0.0,0.0,0,0,0,0,0,0,0,0,0,1,0,0,0,0,0.0,0.0,0.0,0,0,0,0,0,0,0,0,0,1,0,0,0,0,0.0,0.0,0.0,0,0,0,0,0,0,0,0,0,1,0,0,0,0,0.0,0.0,0.0,0,0,0,0,0,0,0,0,0,1,0,0,0,0
ID6474,0.0,0.0,0.0,435,80,38,40,225,109,242,41.24,0,0,0,0,0,0,0.0,0.0,0.0,461,84,41,42,238,115,256,41.23,0,0,0,0,0,0,0.0,0.0,0.0,602,106,51,61,308,149,332,41.79,0,0,0,0,0,0,0.0,0.0,0.0,3587,645,311,344,1847,893,1987,41.51,0,0,0,0,0,0
ID1375,0.0,0.0,0.0,0,0,0,0,0,0,0,0,0,0,0,0,0,0,0.0,0.0,0.0,0,0,0,0,0,0,0,0,0,0,0,0,0,0,0.0,0.0,0.0,0,0,0,0,0,0,0,0,0,0,0,0,0,0,0.0,0.0,0.0,0,0,0,0,0,0,0,0,0,0,0,0,0,0
ID3672,0.0,0.0,0.0,3293,631,308,338,1735,843,1766,44.91,0,0,0,0,0,0,0.0,0.0,0.0,3293,631,308,338,1735,843,1766,44.91,0,0,0,0,0,0,0.0,0.0,0.0,3293,631,308,338,1735,843,1766,44.91,0,0,0,0,0,0,0.0,0.0,0.0,8354,1585,775,867,4382,2130,4487,44.78,1,2,0,0,0,0
ID3277,0.0,0.0,0.0,0,0,0,0,0,0,0,0,0,0,0,0,0,0,0.0,0.0,0.0,0,0,0,0,0,0,0,0,0,0,0,0,0,0,0.0,0.0,0.0,0,0,0,0,0,0,0,0,0,0,0,0,0,0,0.0,0.0,0.0,0,0,0,0,0,0,0,0,0,0,0,0,0,0
ID3274,0.0,0.0,0.0,0,0,0,0,0,0,0,0,0,0,0,0,0,0,0.0,0.0,0.0,0,0,0,0,0,0,0,0,0,0,0,0,0,0,0.0,0.0,0.0,0,0,0,0,0,0,0,0,0,0,0,0,0,0,0.0,0.0,0.0,0,0,0,0,0,0,0,0,0,0,0,0,0,0
ID5171,0.0,0.0,0.0,0,0,0,0,0,0,0,0,0,0,0,0,0,0,0.0,0.0,0.0,0,0,0,0,0,0,0,0,0,0,0,0,0,0,0.0,0.0,0.0,0,0,0,0,0,0,0,0,0,0,0,0,0,0,0.0,0.0,0.0,0,0,0,0,0,0,0,0,0,0,0,0,0,0
ID3276,0.0,0.0,0.0,0,0,0,0,0,0,0,0,0,0,0,0,0,0,0.0,0.0,0.0,0,0,0,0,0,0,0,0,0,0,0,0,0,0,0.0,0.0,0.0,0,0,0,0,0,0,0,0,0,0,0,0,0,0,0.0,0.0,0.0,0,0,0,0,0,0,0,0,0,0,0,0,0,0
ID1473,0.0,0.0,0.0,13514,2813,1361,1489,7472,3628,7136,47.75,2,1,0,0,0,0,0.0,0.0,0.0,26451,5506,2665,2915,14625,7101,13967,47.75,5,2,0,0,0,0,0.0,0.0,0.0,29981,6241,3020,3304,16577,8049,15831,47.75,7,3,0,0,0,0,0.0,0.0,0.0,50095,10428,5046,5520,27698,13449,26451,47.75,7,3,0,0,0,0
ID7571,0.0,0.0,0.0,40276,5893,2888,6430,18095,8859,20617,44.66,65,11,0,0,44,10,0.0,0.0,0.0,40276,5893,2888,6430,18095,8859,20617,44.66,65,11,0,0,48,11,0.0,0.0,0.0,40276,5893,2888,6430,18095,8859,20617,44.66,65,11,0,0,48,11,0.0,0.0,0.0,44940,6578,3223,7178,20197,9889,23004,44.68,65,11,0,0,48,11
ID1278,0.0,0.0,0.0,0,0,0,0,0,0,0,0,0,0,0,0,0,0,0.0,0.0,0.0,0,0,0,0,0,0,0,0,0,0,0,0,0,0,0.0,0.0,0.0,0,0,0,0,0,0,0,0,0,0,0,0,0,0,0.0,0.0,0.0,0,0,0,0,0,0,0,0,0,0,0,0,0,0
ID3174,0.0,0.0,0.0,99023,13709,6643,14246,42984,20916,52923,40.32,4,27,8,4,4,13,0.0,0.0,0.0,104048,14413,6984,14960,45180,21984,55612,40.32,5,39,8,4,5,17,0.0,0.0,0.0,112910,15635,7576,16240,49018,23852,60346,40.32,6,44,8,4,5,17,0.0,0.0,0.0,129705,17951,8698,18667,56293,27392,69319,40.31,7,55,8,4,6,19
ID3173,0.0,0.0,0.0,0,0,0,0,0,0,0,0,0,0,0,0,0,0,0.0,0.0,0.0,0,0,0,0,0,0,0,0,0,0,0,0,0,0,0.0,0.0,0.0,0,0,0,0,0,0,0,0,0,0,0,0,0,0,0.0,0.0,0.0,0,0,0,0,0,0,0,0,0,0,0,0,0,0
ID3171,0.0,0.0,0.0,0,0,0,0,0,0,0,0,0,0,0,0,0,0,0.0,0.0,0.0,0,0,0,0,0,0,0,0,0,0,0,0,0,0,0.0,0.0,0.0,0,0,0,0,0,0,0,0,0,0,0,0,0,0,0.0,0.0,0.0,0,0,0,0,0,0,0,0,0,0,0,0,0,0
ID3172,0.0,0.0,0.0,411,58,28,57,180,88,219,40.38,0,0,0,0,0,0,0.0,0.0,0.0,411,58,28,57,180,88,219,40.38,0,0,0,0,0,0,0.0,0.0,0.0,411,58,28,57,180,88,219,40.38,0,0,0,0,0,1,0.0,0.0,0.0,411,58,28,57,180,88,219,40.38,0,1,0,0,0,1
ID3175,0.0,0.0,0.0,90896,13415,6516,12679,40917,19863,48657,41.28,9,50,7,4,9,36,0.0,0.0,0.0,163336,24084,11697,22813,73477,35669,87405,41.27,15,83,12,7,17,69,0.0,0.0,0.0,173005,25508,12389,24166,77825,37780,92578,41.27,17,93,12,7,18,75,0.0,0.0,0.0,189519,27946,13573,26474,85258,41388,101412,41.28,23,123,13,8,21,85
ID1571,0.0,0.0,0.0,23540,3874,1888,3150,11290,5494,12404,43.94,9,9,6,1,0,0,0.0,0.0,0.0,23617,3887,1894,3160,11327,5511,12445,43.94,10,10,6,1,0,0,0.0,0.0,0.0,23617,3887,1894,3160,11327,5511,12445,43.94,12,12,6,1,0,0,0.0,0.0,0.0,24561,4042,1970,3288,11779,5731,12941,43.95,14,15,6,1,4,1
ID9471,0.0,0.0,0.0,24757,5680,2759,3099,14159,6900,13156,48.4,0,0,12,1,0,0,0.0,0.0,0.0,33532,7694,3737,4197,19177,9346,17818,48.4,14,1,12,1,0,0,0.0,0.0,0.0,33627,7716,3747,4209,19232,9373,17869,48.4,14,1,12,1,0,0,0.0,0.0,0.0,43684,10023,4868,5468,24984,12176,23213,48.4,14,1,12,1,0,0
ID3571,0.0,0.0,0.0,35063,4484,2195,6929,14339,7018,16991,44.07,18,8,17,2,100,1,0.0,0.0,0.0,52272,6691,3276,10299,21399,10475,25338,44.07,24,11,25,3,100,1,0.0,0.0,0.0,52272,6691,3276,10299,21399,10475,25338,44.07,24,11,50,6,100,1,0.0,0.0,0.0,53675,6867,3362,10590,21962,10750,26014,44.07,24,11,50,6,100,1
ID7471,0.0,0.0,0.0,1928,344,170,193,1008,493,1069,44.79,0,0,0,0,0,0,0.0,0.0,0.0,1928,344,170,193,1008,493,1069,44.79,0,0,0,0,0,0,0.0,0.0,0.0,1928,344,170,193,1008,493,1069,44.79,0,0,0,0,0,0,0.0,0.0,0.0,1928,344,170,193,1008,493,1069,44.79,0,0,0,0,0,0
ID7174,0.0,0.0,0.0,0,0,0,0,0,0,0,0,0,0,0,0,0,0,0.0,0.0,0.0,0,0,0,0,0,0,0,0,0,0,0,0,0,0,0.0,0.0,0.0,0,0,0,0,0,0,0,0,0,0,0,0,0,0,0.0,0.0,0.0,0,0,0,0,0,0,0,0,0,0,0,0,0,0
ID5371,0.0,0.0,0.0,0,0,0,0,0,0,0,0,0,0,0,0,0,0,0.0,0.0,0.0,0,0,0,0,0,0,0,0,0,0,0,0,0,0,0.0,0.0,0.0,0,0,0,0,0,0,0,0,0,0,0,0,0,0,0.0,0.0,0.0,0,0,0,0,0,0,0,0,0,0,0,0,0,0
ID1173,0.0,0.0,0.0,7176,1088,528,946,3363,1638,3832,42.93,0,0,0,0,0,0,0.0,0.0,0.0,9497,1440,699,1253,4450,2168,5072,42.92,17,1,0,0,0,0,0.0,0.0,0.0,9702,1471,714,1280,4546,2215,5182,42.92,17,1,0,0,0,0,0.0,0.0,0.0,14853,2252,1093,1959,6959,3390,7933,42.91,17,1,0,0,0,0
ID1174,0.0,0.0,0.0,5317,876,430,599,2707,1322,2831,45.83,0,0,0,0,0,0,0.0,0.0,0.0,7201,1189,584,822,3669,1792,3830,46.03,9,8,0,0,0,0,0.0,0.0,0.0,7201,1189,584,822,3669,1792,3830,46.03,9,8,0,0,0,0,0.0,0.0,0.0,8569,1415,695,976,4365,2132,4558,46.0,9,8,0,0,0,0
ID1674,0.0,0.0,0.0,1482,254,124,206,763,371,776,47.42,0,0,0,0,0,0,0.0,0.0,0.0,1482,254,124,206,763,371,776,47.42,0,0,0,0,0,0,0.0,0.0,0.0,1482,254,124,206,763,371,776,47.42,0,0,0,0,0,0,0.0,0.0,0.0,1482,254,124,206,763,371,776,47.42,0,0,0,0,0,0
ID3577,0.0,0.0,0.0,28582,3158,1548,7327,9937,4883,13164,45.46,3,1,17,1,0,0,0.0,0.0,0.0,28582,3158,1548,7327,9937,4883,13164,45.46,3,1,33,2,33,1,0.0,0.0,0.0,28582,3158,1548,7327,9937,4883,13164,45.46,3,1,33,2,33,1,0.0,0.0,0.0,28582,3158,1548,7327,9937,4883,13164,45.46,3,1,33,2,33,1
ID3371,0.0,0.0,0.0,0,0,0,0,0,0,0,0,0,0,0,0,0,0,0.0,0.0,0.0,0,0,0,0,0,0,0,0,0,0,0,0,0,0,0.0,0.0,0.0,0,0,0,0,0,0,0,0,0,0,0,0,0,0,0.0,0.0,0.0,0,0,0,0,0,0,0,0,0,0,0,0,0,0
ID7371,0.0,0.0,0.0,20677,3023,1461,3030,9617,4661,10902,44.79,0,2,0,0,0,0,0.0,0.0,0.0,27594,4031,1948,4041,12832,6219,14553,44.77,0,3,3,3,0,0,0.0,0.0,0.0,27594,4031,1948,4041,12832,6219,14553,44.77,0,3,4,4,0,0,0.0,0.0,0.0,44630,6514,3148,6532,20749,10057,23543,44.75,1,5,4,4,3,3
ID3573,0.0,0.0,0.0,8247,1031,499,1698,3285,1599,4027,44.14,0,1,0,0,0,0,0.0,0.0,0.0,8247,1031,499,1698,3285,1599,4027,44.14,0,1,0,0,0,0,0.0,0.0,0.0,8247,1031,499,1698,3285,1599,4027,44.14,0,1,0,0,0,0,0.0,0.0,0.0,8247,1031,499,1698,3285,1599,4027,44.14,0,1,0,0,0,0
ID7171,0.0,0.0,0.0,0,0,0,0,0,0,0,0,1,4,0,0,1,1,0.0,0.0,0.0,0,0,0,0,0,0,0,0,1,4,0,0,1,1,0.0,0.0,0.0,0,0,0,0,0,0,0,0,1,4,0,0,1,1,0.0,0.0,0.0,0,0,0,0,0,0,0,0,1,4,0,0,1,1
ID5271,0.0,0.0,0.0,0,0,0,0,0,0,0,0,0,0,0,0,0,0,0.0,0.0,0.0,0,0,0,0,0,0,0,0,0,0,0,0,0,0,0.0,0.0,0.0,0,0,0,0,0,0,0,0,0,0,0,0,0,0,0.0,0.0,0.0,0,0,0,0,0,0,0,0,0,0,0,0,0,0
ID1275,0.0,0.0,0.0,18340,2722,1323,3003,8036,3909,9484,43.8,0,0,0,0,0,0,0.0,0.0,0.0,22903,3399,1652,3750,10035,4881,11844,43.8,0,0,0,0,0,0,0.0,0.0,0.0,26774,3973,1931,4384,11731,5705,13845,43.8,0,0,0,0,0,0,0.0,0.0,0.0,28908,4290,2085,4733,12667,6161,14949,43.8,0,1,0,0,0,0
ID1872,0.0,0.0,0.0,340,49,24,64,154,75,175,46.14,0,0,0,0,0,0,0.0,0.0,0.0,861,126,61,159,391,191,441,46.21,0,0,0,0,0,0,0.0,0.0,0.0,861,126,61,159,391,191,441,46.21,0,0,0,0,0,0,0.0,0.0,0.0,861,126,61,159,391,191,441,46.21,0,0,0,0,0,0
ID3576,0.0,0.0,0.0,14244,1939,953,2644,6031,2988,6898,44.86,21,5,0,0,50,1,0.0,0.0,0.0,15567,2120,1041,2890,6588,3263,7542,44.81,25,6,0,0,50,1,0.0,0.0,0.0,15567,2120,1041,2890,6588,3263,7542,44.81,25,6,0,0,50,1,0.0,0.0,0.0,15567,2120,1041,2890,6588,3263,7542,44.81,29,7,0,0,50,1
ID1371,0.0,0.0,0.0,22562,3435,1663,3642,10267,4985,11456,44.76,1,2,0,0,0,0,0.0,0.0,0.0,34571,5264,2548,5580,15731,7638,17554,44.76,1,2,0,0,0,0,0.0,0.0,0.0,38232,5821,2817,6171,17397,8447,19412,44.76,1,2,0,0,2,1,0.0,0.0,0.0,46022,7007,3391,7428,20942,10168,23368,44.76,1,2,0,0,2,1
ID1374,0.0,0.0,0.0,0,0,0,0,0,0,0,0,0,0,0,0,0,0,0.0,0.0,0.0,0,0,0,0,0,0,0,0,0,0,0,0,0,0,0.0,0.0,0.0,0,0,0,0,0,0,0,0,0,0,0,0,0,0,0.0,0.0,0.0,0,0,0,0,0,0,0,0,0,0,0,0,0,0
ID1277,0.0,0.0,0.0,0,0,0,0,0,0,0,0,0,0,0,0,0,0,0.0,0.0,0.0,0,0,0,0,0,0,0,0,0,0,0,0,0,0,0.0,0.0,0.0,0,0,0,0,0,0,0,0,0,0,0,0,0,0,0.0,0.0,0.0,0,0,0,0,0,0,0,0,0,0,0,0,0,0
ID1673,0.0,0.0,0.0,0,0,0,0,0,0,0,0,0,0,0,0,0,0,0.0,0.0,0.0,0,0,0,0,0,0,0,0,0,0,0,0,0,0,0.0,0.0,0.0,0,0,0,0,0,0,0,0,0,0,0,0,0,0,0.0,0.0,0.0,0,0,0,0,0,0,0,0,0,0,0,0,0,0
ID6271,0.0,0.0,0.0,12890,2041,987,1658,6180,2998,7117,42.64,4,3,0,0,17,1,0.0,0.0,0.0,15464,2449,1185,1989,7414,3596,8538,42.64,7,6,0,0,17,1,0.0,0.0,0.0,15641,2477,1198,2012,7499,3637,8636,42.64,9,8,0,0,17,1,0.0,0.0,0.0,15868,2513,1216,2041,7608,3690,8761,42.64,12,10,8,1,33,2
ID1671,0.0,0.0,0.0,136369,23359,11326,21945,65872,32016,68386,47.73,5,8,3,1,0,0,0.0,0.0,0.0,200000,34257,16610,32196,96586,46944,100290,47.73,7,12,7,2,5,3,0.0,0.0,0.0,227283,38909,18867,36555,109803,53368,114025,47.71,7,13,7,2,9,6,0.0,0.0,0.0,291967,49995,24241,46995,140993,68528,146437,47.72,12,21,13,4,17,11
ID7373,0.0,0.0,0.0,1059,178,86,143,517,251,578,45.56,0,0,0,0,0,0,0.0,0.0,0.0,1059,178,86,143,517,251,578,45.56,0,0,0,0,0,0,0.0,0.0,0.0,1059,178,86,143,517,251,578,45.56,0,0,0,0,0,0,0.0,0.0,0.0,1059,178,86,143,517,251,578,45.56,0,0,0,0,0,0
ID7271,0.0,0.0,0.0,12497,2292,1117,1410,6306,3061,6709,44.62,1,1,0,0,0,0,0.0,0.0,0.0,12497,2292,1117,1410,6306,3061,6709,44.62,1,1,0,0,0,0,0.0,0.0,0.0,12946,2375,1157,1461,6532,3171,6950,44.62,1,1,0,0,0,0,0.0,0.0,0.0,14495,2659,1295,1636,7314,3551,7782,44.62,7,5,0,0,0,0
ID1971,0.0,0.0,0.0,2389,379,184,366,1141,555,1258,44.57,0,0,0,0,0,0,0.0,0.0,0.0,2389,379,184,366,1141,555,1258,44.57,0,0,0,0,0,0,0.0,0.0,0.0,2389,379,184,366,1141,555,1258,44.57,0,0,0,0,0,0,0.0,0.0,0.0,2389,379,184,366,1141,555,1258,44.57,0,0,0,0,0,0
ID7372,0.0,0.0,0.0,661,114,56,92,321,156,340,46.54,0,0,0,0,0,0,0.0,0.0,0.0,661,114,56,92,321,156,340,46.54,0,0,0,0,0,0,0.0,0.0,0.0,661,114,56,92,321,156,340,46.54,0,0,0,0,0,0,0.0,0.0,0.0,661,114,56,92,321,156,340,46.54,1,1,0,0,0,0
ID1377,0.0,0.0,0.0,0,0,0,0,0,0,0,0,0,0,0,0,0,0,0.0,0.0,0.0,0,0,0,0,0,0,0,0,0,0,0,0,0,0,0.0,0.0,0.0,0,0,0,0,0,0,0,0,0,0,0,0,0,0,0.0,0.0,0.0,0,0,0,0,0,0,0,0,0,0,0,0,0,0
ID3575,0.0,0.0,0.0,1226,188,92,189,559,273,615,44.43,0,0,0,0,0,0,0.0,0.0,0.0,2744,421,207,424,1252,611,1377,44.43,0,0,0,0,0,0,0.0,0.0,0.0,4172,640,314,645,1904,929,2094,44.43,0,0,0,0,0,0,0.0,0.0,0.0,6923,1060,521,1071,3155,1539,3474,44.4,0,0,0,0,0,0
ID1376,0.0,0.0,0.0,720,117,57,126,347,168,355,49.08,0,0,0,0,0,0,0.0,0.0,0.0,1155,182,88,212,547,264,567,49.22,0,0,0,0,0,0,0.0,0.0,0.0,1155,182,88,212,547,264,567,49.22,0,0,0,0,0,0,0.0,0.0,0.0,1899,303,146,343,906,438,934,49.16,0,0,0,0,0,0
ID3375,0.0,0.0,0.0,9541,1358,660,1470,4211,2045,4902,42.18,0,0,0,0,0,0,0.0,0.0,0.0,9541,1358,660,1470,4211,2045,4902,42.18,0,0,0,0,0,0,0.0,0.0,0.0,9541,1358,660,1470,4211,2045,4902,42.18,0,0,0,0,0,0,0.0,0.0,0.0,9541,1358,660,1470,4211,2045,4902,42.18,0,0,0,0,0,0
ID1471,0.0,0.0,0.0,37329,6782,3280,3960,18983,9192,20264,43.99,2,6,3,2,2,1,0.0,0.0,0.0,48375,8788,4250,5132,24600,11912,26260,43.99,4,12,3,2,4,2,0.0,0.0,0.0,51905,9430,4560,5507,26395,12781,28176,43.99,5,16,3,2,4,2,0.0,0.0,0.0,57420,10432,5045,6092,29200,14140,31170,43.99,5,17,3,2,4,2
ID1273,0.0,0.0,0.0,0,0,0,0,0,0,0,0,0,0,0,0,0,0,0.0,0.0,0.0,0,0,0,0,0,0,0,0,0,0,0,0,0,0,0.0,0.0,0.0,0,0,0,0,0,0,0,0,0,0,0,0,0,0,0.0,0.0,0.0,0,0,0,0,0,0,0,0,0,0,0,0,0,0
ID6171,0.0,0.0,0.0,43341,6793,3301,6773,20287,9898,22671,45.6,11,5,0,0,67,6,0.0,0.0,0.0,109406,17162,8339,17059,51269,25012,57248,45.6,24,11,33,3,78,7,0.0,0.0,0.0,123062,19301,9379,19193,57659,28130,64391,45.6,33,15,33,3,78,7,0.0,0.0,0.0,184602,28968,14076,28755,86554,42223,96611,45.6,52,24,56,5,78,7
ID1672,0.0,0.0,0.0,703,132,64,84,390,190,364,50.49,0,0,0,0,0,0,0.0,0.0,0.0,704,132,64,84,390,190,364,50.49,0,0,0,0,0,0,0.0,0.0,0.0,736,138,67,88,408,199,381,50.5,0,0,0,0,0,0,0.0,0.0,0.0,736,138,67,88,408,199,381,50.5,0,0,0,0,0,0
ID3574,0.0,0.0,0.0,3682,546,269,645,1602,785,1830,44.94,0,0,0,0,0,0,0.0,0.0,0.0,5505,817,402,962,2397,1175,2737,44.93,0,0,0,0,0,0,0.0,0.0,0.0,5505,817,402,962,2397,1175,2737,44.93,0,0,0,0,0,0,0.0,0.0,0.0,5505,817,402,962,2397,1175,2737,44.93,0,0,0,0,0,0
ID1172,0.0,0.0,0.0,0,0,0,0,0,0,0,0,0,0,0,0,0,0,0.0,0.0,0.0,0,0,0,0,0,0,0,0,0,0,0,0,0,0,0.0,0.0,0.0,0,0,0,0,0,0,0,0,0,0,0,0,0,0,0.0,0.0,0.0,0,0,0,0,0,0,0,0,0,0,0,0,0,0
ID3373,0.0,0.0,0.0,0,0,0,0,0,0,0,0,0,0,0,0,0,0,0.0,0.0,0.0,0,0,0,0,0,0,0,0,0,0,0,0,0,0,0.0,0.0,0.0,0,0,0,0,0,0,0,0,0,0,0,0,0,0,0.0,0.0,0.0,0,0,0,0,0,0,0,0,0,0,0,0,0,0
ID6472,0.0,0.0,0.0,70457,10889,5301,9422,34780,16901,37893,43.73,9,47,0,0,11,14,0.0,0.0,0.0,117624,18179,8849,15729,58064,28215,63260,43.73,17,91,11,3,22,28,0.0,0.0,0.0,153024,23650,11512,20463,75539,36706,82299,43.73,25,134,18,5,32,41,0.0,0.0,0.0,189865,29343,14284,25389,93725,45544,102113,43.73,34,183,30,8,48,62
ID1373,0.0,0.0,0.0,3316,480,234,593,1550,755,1640,47.97,0,0,0,0,0,0,0.0,0.0,0.0,3316,480,234,593,1550,755,1640,47.97,0,0,0,0,0,0,0.0,0.0,0.0,3807,551,269,681,1780,867,1883,47.97,0,0,0,0,0,0,0.0,0.0,0.0,7463,1080,527,1334,3489,1700,3691,47.97,0,0,0,0,0,0
ID3374,0.0,0.0,0.0,2352,292,142,399,940,458,1198,40.78,0,1,0,0,0,1,0.0,0.0,0.0,2349,292,142,398,939,457,1196,40.78,0,1,0,0,0,1,0.0,0.0,0.0,2349,292,142,398,939,457,1196,40.78,0,1,0,0,0,1,0.0,0.0,0.0,3836,477,232,650,1533,746,1953,40.78,0,1,0,0,0,1
ID3673,0.0,0.0,0.0,1864,330,160,173,1000,486,1026,44.51,0,0,0,0,0,0,0.0,0.0,0.0,4120,723,351,397,2188,1063,2265,44.31,0,0,0,0,0,0,0.0,0.0,0.0,4933,867,421,473,2624,1275,2713,44.35,0,0,0,0,0,0,0.0,0.0,0.0,7732,1364,661,732,4127,2006,4252,44.41,0,0,0,0,0,0
ID1271,0.0,0.0,0.0,0,0,0,0,0,0,0,0,0,0,0,0,0,0,0.0,0.0,0.0,0,0,0,0,0,0,0,0,0,0,0,0,0,0,0.0,0.0,0.0,0,0,0,0,0,0,0,0,0,0,0,0,0,0,0.0,0.0,0.0,0,0,0,0,0,0,0,0,0,0,0,0,0,0
ID6172,0.0,0.0,0.0,2968,540,263,476,1541,747,1516,50.1,0,0,0,0,0,0,0.0,0.0,0.0,4876,887,432,783,2532,1227,2490,50.1,0,0,0,0,0,0,0.0,0.0,0.0,9164,1667,813,1471,4758,2306,4681,50.1,0,0,0,0,6,1,0.0,0.0,0.0,38843,7067,3445,6234,20168,9773,19840,50.1,17,5,0,0,11,2
ID1372,0.0,0.0,0.0,0,0,0,0,0,0,0,0,0,0,0,0,0,0,0.0,0.0,0.0,0,0,0,0,0,0,0,0,0,0,0,0,0,0,0.0,0.0,0.0,514,90,43,67,262,127,267,47.01,0,0,0,0,0,0,0.0,0.0,0.0,514,90,43,67,262,127,267,47.01,0,0,0,0,0,0
ID9171,0.0,0.0,0.0,15,2,1,2,7,4,8,41.56,0,0,0,0,0,0,0.0,0.0,0.0,15,2,1,2,7,4,8,41.56,0,0,0,0,0,0,0.0,0.0,0.0,15,2,1,2,7,4,8,41.56,0,0,0,0,0,0,0.0,0.0,0.0,15,2,1,2,7,4,8,41.56,0,0,0,0,0,0
ID1175,0.0,0.0,0.0,5437,1141,546,417,3402,1657,2969,52.93,0,0,0,0,0,0,0.0,0.0,0.0,6504,1365,653,498,4070,1983,3552,52.93,0,0,0,0,0,0,0.0,0.0,0.0,6532,1371,656,501,4087,1991,3567,52.93,0,0,0,0,0,0,0.0,0.0,0.0,6751,1417,678,517,4224,2058,3687,52.93,0,0,0,0,0,0
ID3272,0.0,0.0,0.0,0,0,0,0,0,0,0,0,0,0,0,0,0,0,0.0,0.0,0.0,0,0,0,0,0,0,0,0,0,0,0,0,0,0,0.0,0.0,0.0,0,0,0,0,0,0,0,0,0,0,0,0,0,0,0.0,0.0,0.0,0,0,0,0,0,0,0,0,0,0,0,0,0,0
ID1572,0.0,0.0,0.0,3846,527,255,804,1605,771,1926,46.11,2,1,0,0,0,0,0.0,0.0,0.0,3847,527,255,804,1605,771,1927,46.11,2,1,0,0,0,0,0.0,0.0,0.0,3972,544,263,830,1657,796,1989,46.11,2,1,0,0,0,0,0.0,0.0,0.0,5164,707,342,1079,2155,1035,2586,46.11,2,1,0,0,0,0
ID3578,0.0,0.0,0.0,32814,4184,2042,5977,13567,6611,16501,43.42,1,8,0,0,1,2,0.0,0.0,0.0,93128,11874,5794,16963,38503,18763,46829,43.42,2,20,0,0,1,3,0.0,0.0,0.0,121097,15440,7534,22058,50066,24398,60893,43.42,4,41,0,0,3,10,0.0,0.0,0.0,162082,20665,10084,29524,67011,32655,81503,43.42,7,73,4,3,4,15
ID3372,0.0,0.0,0.0,25465,2972,1450,5518,9624,4709,12246,43.71,17,37,7,2,4,2,0.0,0.0,0.0,48496,5623,2745,10496,18222,8922,23299,43.56,18,39,14,4,4,2,0.0,0.0,0.0,56117,6498,3173,12142,21064,10315,26957,43.54,19,41,14,4,7,3,0.0,0.0,0.0,62517,7240,3535,13525,23475,11495,30036,43.54,21,46,14,4,7,3
ID3671,0.0,0.0,0.0,117074,18995,9257,13678,55429,26982,63481,41.27,13,20,5,2,5,2,0.0,0.0,0.0,121677,19742,9622,14217,57607,28042,65975,41.27,15,24,5,2,14,5,0.0,0.0,0.0,121677,19742,9622,14217,57607,28042,65975,41.27,17,27,5,2,14,5,0.0,0.0,0.0,165730,26651,12985,19643,78061,37999,89773,41.22,26,41,8,3,19,7
ID3674,0.0,0.0,0.0,9643,1364,663,1224,4348,2112,5174,40.54,0,0,0,0,0,0,0.0,0.0,0.0,9643,1364,663,1224,4348,2112,5174,40.54,0,0,0,0,0,0,0.0,0.0,0.0,9643,1364,663,1224,4348,2112,5174,40.54,0,0,0,0,0,0,0.0,0.0,0.0,9643,1364,663,1224,4348,2112,5174,40.54,0,0,0,0,0,0
ID1272,0.0,0.0,0.0,24612,4851,2378,2990,13513,6620,12627,49.92,0,0,0,0,0,0,0.0,0.0,0.0,31566,6228,3053,3830,17341,8496,16196,49.94,0,0,0,0,0,0,0.0,0.0,0.0,38364,7579,3716,4650,21089,10333,19686,49.96,0,0,0,0,0,0,0.0,0.0,0.0,40971,8097,3970,4964,22526,11037,21024,49.97,0,0,0,0,0,0
ID2172,0.0,0.0,0.0,0,0,0,0,0,0,0,0,0,0,0,0,0,0,0.0,0.0,0.0,0,0,0,0,0,0,0,0,0,0,0,0,0,0,0.0,0.0,0.0,0,0,0,0,0,0,0,0,0,0,0,0,0,0,0.0,0.0,0.0,0,0,0,0,0,0,0,0,0,0,0,0,0,0
ID6571,0.0,0.0,0.0,578,97,48,68,298,145,320,43.63,0,0,0,0,0,0,0.0,0.0,0.0,578,97,48,68,298,145,320,43.63,0,0,0,0,0,0,0.0,0.0,0.0,578,97,48,68,298,145,320,43.63,0,0,0,0,0,0,0.0,0.0,0.0,578,97,48,68,298,145,320,43.63,0,0,0,0,0,0
ID3278,0.0,0.0,0.0,0,0,0,0,0,0,0,0,0,0,0,0,0,0,0.0,0.0,0.0,0,0,0,0,0,0,0,0,0,0,0,0,0,0,0.0,0.0,0.0,0,0,0,0,0,0,0,0,0,0,0,0,0,0,0.0,0.0,0.0,0,0,0,0,0,0,0,0,0,0,0,0,0,0
ID1274,0.0,0.0,0.0,22978,4129,2009,3464,11281,5457,11388,48.12,0,0,0,0,0,0,0.0,0.0,0.0,22978,4129,2009,3464,11281,5457,11388,48.12,0,0,0,0,0,0,0.0,0.0,0.0,22978,4129,2009,3464,11281,5457,11388,48.12,0,0,0,0,0,0,0.0,0.0,0.0,22978,4129,2009,3464,11281,5457,11388,48.12,0,0,0,0,0,0
ID3376,0.0,0.0,0.0,12004,1737,842,1982,5248,2549,6176,43.0,0,0,0,0,0,0,0.0,0.0,0.0,23106,3330,1614,3829,10066,4890,11878,42.93,0,0,0,0,0,0,0.0,0.0,0.0,23106,3330,1614,3829,10066,4890,11878,42.93,0,0,0,0,0,0,0.0,0.0,0.0,28278,4072,1974,4689,12311,5980,14535,42.92,0,0,25,1,0,0
ID8271,0.0,0.0,0.0,0,0,0,0,0,0,0,0,0,0,0,0,0,0,0.0,0.0,0.0,0,0,0,0,0,0,0,0,0,0,0,0,0,0,0.0,0.0,0.0,0,0,0,0,0,0,0,0,0,0,0,0,0,0,0.0,0.0,0.0,0,0,0,0,0,0,0,0,0,0,0,0,0,0
ID8272,0.0,0.0,0.0,0,0,0,0,0,0,0,0,0,0,0,0,0,0,0.0,0.0,0.0,0,0,0,0,0,0,0,0,0,0,0,0,0,0,0.0,0.0,0.0,0,0,0,0,0,0,0,0,0,0,0,0,0,0,0.0,0.0,0.0,0,0,0,0,0,0,0,0,0,0,0,0,0,0
ID7173,0.0,0.0,0.0,0,0,0,0,0,0,0,0,0,0,0,0,0,0,0.0,0.0,0.0,0,0,0,0,0,0,0,0,0,0,0,0,0,0,0.0,0.0,0.0,0,0,0,0,0,0,0,0,0,0,0,0,0,0,0.0,0.0,0.0,0,0,0,0,0,0,0,0,0,0,0,0,0,0
ID8172,0.0,0.0,0.0,0,0,0,0,0,0,0,0,0,0,0,0,0,0,0.0,0.0,0.0,0,0,0,0,0,0,0,0,0,0,0,0,0,0,0.0,0.0,0.0,0,0,0,0,0,0,0,0,0,0,0,0,0,0,0.0,0.0,0.0,0,0,0,0,0,0,0,0,0,0,0,0,0,0
ID3471,0.0,0.0,0.0,0,0,0,0,0,0,0,0,0,0,0,0,0,0,0.0,0.0,0.0,0,0,0,0,0,0,0,0,0,0,0,0,0,0,0.0,0.0,0.0,0,0,0,0,0,0,0,0,0,0,0,0,0,0,0.0,0.0,0.0,0,0,0,0,0,0,0,0,0,0,0,0,0,0
ID6201,0.0,0.0,0.0,25063,4450,2153,3061,12772,6169,13720,43.44,29,4,0,0,33,1,0.0,0.0,0.0,29427,5225,2528,3594,14996,7244,16108,43.44,36,5,0,0,33,1,0.0,0.0,0.0,29548,5246,2538,3608,15058,7273,16174,43.44,36,5,0,0,33,1,0.0,0.0,0.0,30265,5374,2600,3696,15423,7450,16567,43.44,36,5,0,0,33,1
ID6202,0.0,0.0,0.0,93638,13734,6688,10935,45857,22326,52752,41.16,32,6,100,2,33,1,0.0,0.0,0.0,102827,15082,7344,12008,50356,24516,57929,41.16,37,7,100,2,33,1,0.0,0.0,0.0,112845,16551,8059,13178,55261,26905,63573,41.16,37,7,100,2,67,2,0.0,0.0,0.0,129234,18954,9229,15091,63286,30811,72807,41.16,42,8,100,2,67,2
ID1401,0.0,0.0,0.0,27533,4459,2169,3817,13671,6652,14497,45.62,7,4,0,0,11,1,0.0,0.0,0.0,34478,5584,2716,4780,17119,8329,18154,45.62,7,4,0,0,11,1,0.0,0.0,0.0,34607,5605,2726,4798,17183,8361,18221,45.62,9,5,0,0,11,1,0.0,0.0,0.0,37946,6145,2989,5261,18841,9167,19979,45.62,11,6,0,0,22,2
ID6112,0.0,0.0,0.0,184100,30680,14867,24557,93504,45301,98637,45.81,68,13,100,5,75,3,0.0,0.0,0.0,236644,39423,19105,31593,120142,58208,126774,45.81,90,17,100,5,100,4,0.0,0.0,0.0,246124,41006,19872,32852,124967,60546,131857,45.81,90,17,100,5,100,4,0.0,0.0,0.0,265364,44202,21421,35439,134701,65263,142154,45.81,90,17,100,5,100,4
ID3319,0.0,0.0,0.0,16255,2244,1090,2505,6903,3353,8311,41.22,0,0,0,0,0,0,0.0,0.0,0.0,19610,2708,1315,3018,8329,4046,10028,41.21,0,0,0,0,0,0,0.0,0.0,0.0,22602,3121,1515,3476,9601,4664,11559,41.2,0,0,0,0,0,0,0.0,0.0,0.0,22608,3121,1516,3477,9603,4665,11562,41.2,0,0,0,0,0,0
ID3401,0.0,0.0,0.0,10435,1196,580,3151,3752,1822,4598,50.99,0,0,0,0,0,0,0.0,0.0,0.0,13311,1522,738,4076,4767,2314,5833,51.37,0,0,0,0,0,0,0.0,0.0,0.0,13311,1522,738,4076,4767,2314,5833,51.37,0,0,0,0,0,0,0.0,0.0,0.0,14413,1646,798,4431,5156,2503,6306,51.48,0,0,0,0,0,0
ID3208,0.0,0.0,0.0,3747,549,266,800,1635,792,1804,47.76,3,1,0,0,0,0,0.0,0.0,0.0,4838,709,343,1033,2111,1023,2330,47.76,3,1,0,0,0,0,0.0,0.0,0.0,4838,709,343,1033,2111,1023,2330,47.76,3,1,0,0,0,0,0.0,0.0,0.0,5766,845,409,1231,2516,1219,2777,47.76,3,1,0,0,0,0
ID5303,0.0,0.0,0.0,384,50,24,65,174,85,210,44.5,0,0,0,0,0,0,0.0,0.0,0.0,388,50,24,66,176,86,212,44.5,0,0,0,0,0,0,0.0,0.0,0.0,392,51,25,67,178,87,215,44.49,0,0,0,0,0,0,0.0,0.0,0.0,411,53,26,70,186,91,224,44.53,0,0,0,0,0,0
ID6402,0.0,0.0,0.0,18898,2625,1257,2802,8963,4334,10518,41.41,20,27,0,0,17,9,0.0,0.0,0.0,20793,2888,1383,3084,9862,4768,11574,41.41,22,30,0,0,21,11,0.0,0.0,0.0,21135,2936,1406,3134,10024,4847,11765,41.41,23,31,0,0,21,11,0.0,0.0,0.0,22119,3072,1471,3280,10490,5072,12312,41.41,25,34,0,0,23,12
ID6403,0.0,0.0,0.0,109221,16880,8217,14605,53916,26199,58741,43.73,43,124,33,3,25,17,0.0,0.0,0.0,130119,20110,9789,17400,64231,31212,69980,43.73,50,144,33,3,26,18,0.0,0.0,0.0,133798,20678,10066,17892,66048,32095,71959,43.73,52,151,56,5,28,19,0.0,0.0,0.0,156433,24176,11769,20919,77221,37524,84133,43.73,55,159,56,5,34,23
ID6404,0.0,0.0,0.0,51585,7775,3739,4783,26765,12904,30613,38.92,27,29,18,2,7,2,0.0,0.0,0.0,62261,9384,4513,5772,32305,15575,36949,38.92,28,31,18,2,15,4,0.0,0.0,0.0,64155,9669,4650,5948,33287,16049,38074,38.92,32,35,18,2,18,5,0.0,0.0,0.0,67301,10143,4878,6239,34920,16836,39941,38.92,38,41,36,4,15,4
ID1207,0.0,0.0,0.0,62327,11064,5395,6815,33929,16575,33203,47.81,0,0,0,0,0,0,0.0,0.0,0.0,71373,12671,6178,7803,38856,18982,38022,47.81,0,0,0,0,0,0,0.0,0.0,0.0,72799,12923,6301,7960,39631,19360,38781,47.81,0,0,0,0,0,0,0.0,0.0,0.0,78861,13999,6826,8624,42929,20971,42010,47.81,0,0,0,0,0,0
ID1222,0.0,0.0,0.0,16187,3149,1532,1176,9700,4715,8718,49.05,0,0,0,0,0,0,0.0,0.0,0.0,18122,3526,1715,1316,10860,5279,9761,49.05,0,0,0,0,0,0,0.0,0.0,0.0,18995,3696,1798,1379,11383,5533,10231,49.04,0,0,0,0,0,0,0.0,0.0,0.0,19738,3840,1869,1432,11828,5750,10632,49.04,0,0,0,0,0,0
ID1223,0.0,0.0,0.0,28226,5188,2516,2977,15816,7732,14930,49.09,0,0,33,1,0,0,0.0,0.0,0.0,35811,6583,3193,3776,20069,9812,18942,49.09,0,0,33,1,0,0,0.0,0.0,0.0,37164,6832,3314,3918,20827,10182,19657,49.09,0,0,33,1,0,0,0.0,0.0,0.0,39229,7211,3497,4137,21983,10747,20749,49.09,0,0,33,1,0,0
ID1604,0.0,0.0,0.0,12576,2101,1020,2079,6302,3062,6309,48.76,0,0,0,0,0,0,0.0,0.0,0.0,14203,2378,1155,2341,7125,3462,7128,48.77,0,0,0,0,0,0,0.0,0.0,0.0,15706,2624,1274,2595,7872,3825,7880,48.76,0,0,0,0,0,0,0.0,0.0,0.0,16620,2774,1347,2749,8327,4046,8337,48.76,0,0,0,0,0,0
ID6207,0.0,0.0,0.0,12218,2150,1050,1568,6083,2960,6924,41.13,24,5,0,0,20,1,0.0,0.0,0.0,13152,2315,1131,1688,6548,3186,7453,41.13,29,6,0,0,20,1,0.0,0.0,0.0,14722,2591,1266,1890,7330,3566,8343,41.13,29,6,0,0,20,1,0.0,0.0,0.0,17072,3005,1468,2192,8500,4136,9675,41.13,38,8,0,0,20,1
ID3524,0.0,0.0,0.0,176901,20763,10016,42114,63560,30760,83704,43.22,8,4,0,0,14,1,0.0,0.0,0.0,195942,23002,11096,46630,70417,34078,92723,43.22,8,4,0,0,14,1,0.0,0.0,0.0,201207,23621,11395,47879,72313,34996,95217,43.22,15,7,0,0,14,1,0.0,0.0,0.0,210033,24656,11894,49985,75480,36528,99390,43.22,17,8,0,0,14,1
ID1801,0.0,0.0,0.0,2769,502,245,407,1477,721,1428,48.58,0,0,0,0,20,1,0.0,0.0,0.0,3090,560,274,454,1648,804,1593,48.58,3,1,0,0,20,1,0.0,0.0,0.0,3526,640,313,518,1881,918,1818,48.59,3,1,0,0,20,1,0.0,0.0,0.0,3969,720,352,583,2118,1034,2047,48.59,10,3,0,0,20,1
ID1803,0.0,0.0,0.0,6484,1113,541,979,3267,1591,3378,47.17,6,3,0,0,0,0,0.0,0.0,0.0,9324,1602,778,1406,4699,2288,4858,47.17,6,3,0,0,0,0,0.0,0.0,0.0,9963,1712,832,1502,5021,2445,5191,47.17,6,3,0,0,0,0,0.0,0.0,0.0,11896,2044,993,1793,5997,2920,6198,47.16,6,3,0,0,0,0
ID1805,0.0,0.0,0.0,11019,1596,776,1969,4893,2379,5813,43.81,1,1,20,1,0,0,0.0,0.0,0.0,12163,1761,857,2173,5401,2626,6417,43.81,1,1,20,1,0,0,0.0,0.0,0.0,12259,1775,864,2190,5444,2646,6467,43.81,1,1,20,1,0,0,0.0,0.0,0.0,12527,1814,883,2238,5562,2704,6609,43.81,1,1,20,1,0,0
ID1804,0.0,0.0,0.0,16681,2371,1152,3213,7620,3714,8548,46.95,2,1,0,0,0,0,0.0,0.0,0.0,21172,3001,1459,4089,9659,4709,10847,46.95,3,2,0,0,0,0,0.0,0.0,0.0,22731,3219,1565,4394,10366,5053,11645,46.95,3,2,0,0,0,0,0.0,0.0,0.0,24991,3545,1723,4823,11404,5559,12804,46.95,5,3,0,0,0,0
ID1806,0.0,0.0,0.0,3614,617,299,569,1853,898,1814,49.21,0,0,0,0,0,0,0.0,0.0,0.0,3728,637,308,587,1912,926,1872,49.21,0,0,0,0,0,0,0.0,0.0,0.0,3728,637,308,587,1912,926,1872,49.21,0,0,0,0,0,0,0.0,0.0,0.0,3773,644,312,594,1935,937,1894,49.21,0,0,0,0,0,0
ID6103,0.0,0.0,0.0,17581,3039,1474,2294,9175,4450,9405,45.34,20,1,0,0,33,1,0.0,0.0,0.0,18509,3200,1552,2414,9660,4685,9901,45.34,20,1,0,0,33,1,0.0,0.0,0.0,18878,3264,1583,2463,9853,4779,10099,45.34,20,1,0,0,33,1,0.0,0.0,0.0,20263,3504,1699,2643,10577,5130,10840,45.34,20,1,0,0,33,1
ID1213,0.0,0.0,0.0,127140,22906,11132,17570,60484,29297,66332,43.89,21,6,50,2,0,0,0.0,0.0,0.0,143791,25906,12590,19872,68403,33133,75020,43.89,28,8,75,3,0,0,0.0,0.0,0.0,151174,27237,13237,20892,71915,34834,78872,43.89,31,9,75,3,0,0,0.0,0.0,0.0,163894,29529,14351,22651,77965,37764,85508,43.89,41,12,75,3,0,0
ID9430,0.0,0.0,0.0,5498,604,290,400,2049,937,3665,25.21,0,0,0,0,0,0,0.0,0.0,0.0,5499,604,290,400,2050,937,3665,25.21,0,0,0,0,0,0,0.0,0.0,0.0,5499,604,290,400,2050,937,3665,25.21,0,0,0,0,0,0,0.0,0.0,0.0,6049,668,321,439,2261,1034,4030,25.28,0,0,0,0,0,0
ID3602,0.0,0.0,0.0,32787,5600,2715,4235,16968,8252,17247,45.94,5,3,0,0,100,1,0.0,0.0,0.0,39624,6768,3281,5118,20507,9973,20843,45.94,5,3,0,0,100,1,0.0,0.0,0.0,39624,6768,3281,5118,20507,9973,20843,45.94,5,3,0,0,100,1,0.0,0.0,0.0,41363,7065,3425,5343,21407,10411,21757,45.94,8,5,0,0,100,1
ID1707,0.0,0.0,0.0,15681,2465,1194,2571,7356,3571,8055,45.14,4,1,0,0,0,0,0.0,0.0,0.0,16097,2530,1226,2639,7551,3666,8269,45.14,4,1,0,0,0,0,0.0,0.0,0.0,19727,3101,1503,3234,9254,4493,10134,45.14,4,1,0,0,0,0,0.0,0.0,0.0,20003,3144,1524,3279,9383,4556,10275,45.14,4,1,0,0,0,0
ID5308,0.0,0.0,0.0,0,0,0,0,0,0,0,0,0,0,0,0,0,0,0.0,0.0,0.0,0,0,0,0,0,0,0,0,0,0,0,0,0,0,0.0,0.0,0.0,0,0,0,0,0,0,0,0,0,0,0,0,0,0,0.0,0.0,0.0,0,0,0,0,0,0,0,0,0,0,0,0,0,0
ID1308,0.0,0.0,0.0,5171,679,328,1163,2237,1081,2468,49.93,4,1,0,0,0,0,0.0,0.0,0.0,7858,1031,498,1768,3399,1643,3751,49.93,8,2,0,0,0,0,0.0,0.0,0.0,8764,1150,555,1972,3791,1833,4183,49.93,8,2,0,0,0,0,0.0,0.0,0.0,10052,1319,637,2262,4348,2102,4798,49.93,8,2,0,0,0,0
ID2104,0.0,0.0,0.0,0,0,0,0,0,0,0,0,0,0,0,0,0,0,0.0,0.0,0.0,0,0,0,0,0,0,0,0,0,0,0,0,0,0,0.0,0.0,0.0,0,0,0,0,0,0,0,0,0,0,0,0,0,0,0.0,0.0,0.0,0,0,0,0,0,0,0,0,0,0,0,0,0,0
ID5201,0.0,0.0,0.0,0,0,0,0,0,0,0,0,0,0,0,0,0,0,0.0,0.0,0.0,0,0,0,0,0,0,0,0,0,0,0,0,0,0,0.0,0.0,0.0,0,0,0,0,0,0,0,0,0,0,0,0,0,0,0.0,0.0,0.0,0,0,0,0,0,0,0,0,0,0,0,0,0,0
ID5202,0.0,0.0,0.0,0,0,0,0,0,0,0,0,0,0,0,0,0,0,0.0,0.0,0.0,0,0,0,0,0,0,0,0,0,0,0,0,0,0,0.0,0.0,0.0,0,0,0,0,0,0,0,0,0,0,0,0,0,0,0.0,0.0,0.0,0,0,0,0,0,0,0,0,0,0,0,0,0,0
ID5203,0.0,0.0,0.0,0,0,0,0,0,0,0,0,0,0,0,0,0,0,0.0,0.0,0.0,0,0,0,0,0,0,0,0,0,0,0,0,0,0,0.0,0.0,0.0,0,0,0,0,0,0,0,0,0,0,0,0,0,0,0.0,0.0,0.0,0,0,0,0,0,0,0,0,0,0,0,0,0,0
ID5208,0.0,0.0,0.0,0,0,0,0,0,0,0,0,0,0,0,0,0,0,0.0,0.0,0.0,0,0,0,0,0,0,0,0,0,0,0,0,0,0,0.0,0.0,0.0,0,0,0,0,0,0,0,0,0,0,0,0,0,0,0.0,0.0,0.0,0,0,0,0,0,0,0,0,0,0,0,0,0,0
ID3508,0.0,0.0,0.0,13067,1543,754,3153,4811,2348,6203,45.09,2,4,0,0,0,0,0.0,0.0,0.0,16842,1994,974,4067,6198,3025,7986,45.11,2,5,0,0,0,0,0.0,0.0,0.0,16850,1995,974,4069,6200,3026,7990,45.11,2,5,0,0,0,0,0.0,0.0,0.0,18546,2198,1073,4480,6823,3330,8791,45.11,2,5,0,0,0,0
ID7317,0.0,0.0,0.0,11025,1652,798,1881,5376,2599,5747,49.04,0,0,0,0,0,0,0.0,0.0,0.0,12808,1919,927,2186,6246,3019,6675,49.05,0,0,0,0,0,0,0.0,0.0,0.0,13050,1955,944,2228,6364,3076,6801,49.05,0,0,0,0,0,0,0.0,0.0,0.0,14263,2137,1032,2435,6956,3363,7433,49.06,0,0,0,0,0,0
ID7325,0.0,0.0,0.0,14695,2708,1315,2121,7892,3821,7856,49.58,10,6,0,0,29,2,0.0,0.0,0.0,17165,3163,1536,2477,9219,4463,9177,49.58,12,7,0,0,29,2,0.0,0.0,0.0,20207,3723,1808,2916,10852,5254,10803,49.58,13,8,0,0,29,2,0.0,0.0,0.0,21895,4034,1959,3160,11759,5693,11705,49.58,15,9,0,0,29,2
ID7322,0.0,0.0,0.0,24230,3589,1748,3818,11509,5627,13024,45.81,5,5,20,1,0,0,0.0,0.0,0.0,29730,4405,2145,4684,14125,6906,15980,45.81,5,5,20,1,0,0,0.0,0.0,0.0,32424,4804,2340,5109,15404,7531,17428,45.81,5,5,20,1,0,0,0.0,0.0,0.0,36446,5400,2630,5743,17314,8465,19590,45.81,5,5,20,1,6,1
ID3519,0.0,0.0,0.0,22464,2392,1166,6467,7559,3670,10006,46.82,1,1,0,0,0,0,0.0,0.0,0.0,28251,3008,1467,8137,9506,4615,12582,46.83,1,1,0,0,0,0,0.0,0.0,0.0,32923,3506,1709,9481,11078,5378,14663,46.82,1,1,0,0,0,0,0.0,0.0,0.0,34270,3649,1779,9869,11530,5598,15263,46.82,1,1,0,0,0,0
ID3308,0.0,0.0,0.0,6350,783,382,1489,2477,1211,3008,45.64,0,0,0,0,0,0,0.0,0.0,0.0,6876,849,414,1609,2683,1312,3258,45.61,0,0,0,0,0,0,0.0,0.0,0.0,6876,849,414,1609,2683,1312,3258,45.61,0,0,0,0,0,0,0.0,0.0,0.0,6876,849,414,1609,2683,1312,3258,45.61,0,0,0,0,0,0
ID3520,0.0,0.0,0.0,12279,1350,656,3725,4190,2046,5360,49.72,0,0,0,0,0,0,0.0,0.0,0.0,14742,1622,787,4500,5030,2455,6420,49.93,0,0,0,0,0,0,0.0,0.0,0.0,15052,1656,804,4599,5135,2507,6553,49.96,0,0,0,0,0,0,0.0,0.0,0.0,15558,1712,831,4760,5307,2590,6769,50.01,0,0,0,0,11,1
ID6411,0.0,0.0,0.0,5036,698,334,748,2386,1154,2805,41.36,0,0,50,1,0,0,0.0,0.0,0.0,6296,872,418,935,2983,1442,3507,41.36,0,0,50,1,0,0,0.0,0.0,0.0,6401,887,425,951,3033,1467,3566,41.36,0,0,50,1,0,0,0.0,0.0,0.0,6460,895,429,960,3061,1480,3598,41.36,0,0,50,1,0,0
ID3210,0.0,0.0,0.0,25586,3260,1592,5395,10383,5052,12823,44.66,0,0,0,0,0,0,0.0,0.0,0.0,32568,4150,2027,6844,13221,6433,16339,44.6,0,0,0,0,0,0,0.0,0.0,0.0,35393,4510,2202,7437,14367,6990,17758,44.59,0,0,0,0,0,0,0.0,0.0,0.0,37742,4809,2348,7930,15320,7454,18937,44.59,0,0,0,0,0,0
ID7601,0.0,0.0,0.0,3,1,0,0,2,1,2,56.31,3,1,0,0,0,0,0.0,0.0,0.0,3213,655,321,455,1836,898,1599,56.3,3,1,0,0,0,0,0.0,0.0,0.0,3213,655,321,455,1836,898,1599,56.3,3,1,0,0,0,0,0.0,0.0,0.0,3213,655,321,455,1836,898,1599,56.3,3,1,0,0,0,0
ID5321,0.0,0.0,0.0,9524,1579,781,1661,4957,2437,4847,53.88,12,6,0,0,33,2,0.0,0.0,0.0,10408,1726,853,1815,5418,2663,5297,53.88,14,7,0,0,67,4,0.0,0.0,0.0,11396,1890,934,1988,5932,2916,5800,53.88,14,7,0,0,67,4,0.0,0.0,0.0,12498,2072,1024,2180,6505,3198,6360,53.88,18,9,0,0,100,6
ID3507,0.0,0.0,0.0,10266,1208,588,2240,3983,1948,5000,43.5,0,0,0,0,0,0,0.0,0.0,0.0,10266,1208,588,2240,3983,1948,5000,43.5,0,0,0,0,0,0,0.0,0.0,0.0,10266,1208,588,2240,3983,1948,5000,43.5,0,0,0,0,0,0,0.0,0.0,0.0,10526,1238,603,2296,4084,1997,5127,43.5,0,0,0,0,0,0
ID6501,0.0,0.0,0.0,11796,1951,937,1508,6184,2980,6671,43.68,27,14,50,1,31,5,0.0,0.0,0.0,15437,2553,1226,1973,8094,3900,8730,43.68,50,26,50,1,44,7,0.0,0.0,0.0,19111,3161,1518,2443,10020,4828,10807,43.68,52,27,50,1,44,7,0.0,0.0,0.0,20189,3340,1604,2580,10586,5101,11417,43.68,60,31,50,1,44,7
ID8108,0.0,0.0,0.0,0,0,0,0,0,0,0,0,0,0,0,0,0,0,0.0,0.0,0.0,0,0,0,0,0,0,0,0,0,0,0,0,0,0,0.0,0.0,0.0,0,0,0,0,0,0,0,0,0,0,0,0,0,0,0.0,0.0,0.0,0,0,0,0,0,0,0,0,0,0,0,0,0,0
ID8103,0.0,0.0,0.0,3653,486,238,647,1663,807,1940,45.74,0,0,0,0,0,0,0.0,0.0,0.0,5091,677,331,901,2318,1125,2703,45.74,0,0,0,0,0,0,0.0,0.0,0.0,5349,711,348,947,2436,1182,2840,45.74,0,0,0,0,0,0,0.0,0.0,0.0,5350,711,348,947,2436,1182,2841,45.74,0,0,0,0,0,0
ID8102,0.0,0.0,0.0,0,0,0,0,0,0,0,0,0,0,0,0,0,0,0.0,0.0,0.0,0,0,0,0,0,0,0,0,0,0,0,0,0,0,0.0,0.0,0.0,0,0,0,0,0,0,0,0,0,0,0,0,0,0,0.0,0.0,0.0,0,0,0,0,0,0,0,0,0,0,0,0,0,0
ID8101,0.0,0.0,0.0,0,0,0,0,0,0,0,0,0,0,0,0,0,0,0.0,0.0,0.0,0,0,0,0,0,0,0,0,0,0,0,0,0,0,0.0,0.0,0.0,0,0,0,0,0,0,0,0,0,0,0,0,0,0,0.0,0.0,0.0,0,0,0,0,0,0,0,0,0,0,0,0,0,0
ID7603,0.0,0.0,0.0,2389,371,183,416,1205,589,1236,49.74,16,3,0,0,20,1,0.0,0.0,0.0,3398,527,260,592,1715,838,1758,49.74,21,4,0,0,20,1,0.0,0.0,0.0,3398,527,260,592,1715,838,1758,49.74,21,4,0,0,20,1,0.0,0.0,0.0,3398,527,260,592,1715,838,1758,49.74,26,5,0,0,20,1
ID9428,0.0,0.0,0.0,5994,1454,720,519,4030,1941,3158,56.1,0,0,0,0,0,0,0.0,0.0,0.0,6166,1496,741,533,4147,1997,3248,56.12,50,1,0,0,0,0,0.0,0.0,0.0,6552,1591,788,566,4409,2123,3451,56.16,50,1,0,0,0,0,0.0,0.0,0.0,6705,1629,807,579,4514,2174,3532,56.18,100,2,0,0,0,0
ID9431,0.0,0.0,0.0,39,3,2,6,11,5,23,26.03,0,0,0,0,0,0,0.0,0.0,0.0,46,4,2,7,13,6,27,25.98,0,0,0,0,0,0,0.0,0.0,0.0,49,4,2,8,14,7,29,25.97,0,0,0,0,0,0,0.0,0.0,0.0,52,4,2,8,15,7,30,25.95,0,0,0,0,0,0
ID7604,0.0,0.0,0.0,15758,3056,1488,1750,9070,4403,8545,49.97,0,0,25,1,0,0,0.0,0.0,0.0,17495,3393,1652,1943,10070,4888,9487,49.97,0,0,25,1,0,0,0.0,0.0,0.0,17912,3474,1691,1989,10310,5005,9713,49.97,0,0,25,1,0,0,0.0,0.0,0.0,19318,3747,1824,2145,11119,5398,10475,49.97,0,0,25,1,0,0
ID7606,0.0,0.0,0.0,24336,4720,2298,2702,14007,6800,13197,49.97,60,3,0,0,0,0,0.0,0.0,0.0,30097,5837,2842,3342,17323,8409,16320,49.97,60,3,0,0,0,0,0.0,0.0,0.0,31746,6157,2997,3525,18272,8870,17215,49.97,60,3,0,0,0,0,0.0,0.0,0.0,34478,6687,3255,3828,19845,9633,18696,49.97,60,3,0,0,0,0
ID7605,0.0,0.0,0.0,17292,3141,1541,1540,9841,4822,9803,46.16,0,0,0,0,0,0,0.0,0.0,0.0,21022,3819,1874,1872,11964,5863,11918,46.16,0,0,0,0,0,0,0.0,0.0,0.0,22034,4004,1964,1960,12541,6146,12493,46.15,0,0,0,0,0,0,0.0,0.0,0.0,30261,5504,2700,2681,17230,8444,17169,46.13,0,0,0,0,0,0
ID1202,0.0,0.0,0.0,18937,3586,1752,2364,10834,5300,9384,54.45,0,0,0,0,0,0,0.0,0.0,0.0,23869,4520,2208,2981,13655,6680,11829,54.44,0,0,0,0,0,0,0.0,0.0,0.0,24460,4631,2262,3055,13992,6845,12121,54.44,0,0,0,0,0,0,0.0,0.0,0.0,26978,5108,2495,3369,15433,7550,13369,54.44,0,0,0,0,0,0
ID5313,0.0,0.0,0.0,945,187,93,117,552,272,479,54.89,1,1,0,0,0,0,0.0,0.0,0.0,945,187,93,117,552,272,479,54.89,1,1,0,0,0,0,0.0,0.0,0.0,1196,237,118,149,699,344,606,54.99,1,1,0,0,0,0,0.0,0.0,0.0,1196,237,118,149,699,344,606,54.99,1,1,0,0,0,0
ID5315,0.0,0.0,0.0,1452,340,167,172,912,451,735,58.83,0,0,0,0,0,0,0.0,0.0,0.0,1452,340,167,172,912,451,735,58.83,0,0,0,0,0,0,0.0,0.0,0.0,1452,340,167,172,912,451,735,58.83,0,0,0,0,0,0,0.0,0.0,0.0,1452,340,167,172,912,451,735,58.83,0,0,0,0,0,0
ID5319,0.0,0.0,0.0,761,147,72,90,443,217,392,52.93,0,0,0,0,0,0,0.0,0.0,0.0,775,150,74,91,451,221,400,52.93,0,0,0,0,0,0,0.0,0.0,0.0,775,150,74,91,451,221,400,52.93,0,0,0,0,0,0,0.0,0.0,0.0,775,150,74,91,451,221,400,52.93,0,0,0,0,0,0
ID9105,0.0,0.0,0.0,1885,319,156,165,956,464,1103,40.21,1,1,0,0,33,1,0.0,0.0,0.0,2998,508,248,262,1521,739,1755,40.21,2,2,11,1,33,1,0.0,0.0,0.0,3013,510,250,264,1528,742,1763,40.21,2,2,11,1,33,1,0.0,0.0,0.0,3476,589,288,304,1763,856,2034,40.21,2,2,11,1,33,1
ID9111,0.0,0.0,0.0,25,4,2,2,14,7,15,36.9,0,0,0,0,0,0,0.0,0.0,0.0,26,5,2,2,14,7,15,36.9,0,0,0,0,0,0,0.0,0.0,0.0,26,5,2,2,14,7,15,36.9,0,0,0,0,0,0,0.0,0.0,0.0,26,5,2,2,14,7,15,36.9,0,0,0,0,0,0
ID9414,0.0,0.0,0.0,15784,5381,2633,1344,13573,6611,6955,83.96,0,0,0,0,0,0,0.0,0.0,0.0,17821,6077,2974,1520,15331,7468,7847,84.05,17,1,0,0,0,0,0.0,0.0,0.0,18390,6262,3064,1558,15792,7690,8122,83.63,17,1,0,0,0,0,0.0,0.0,0.0,18922,6445,3154,1605,16252,7915,8354,83.68,33,2,0,0,0,0
ID7308,0.0,0.0,0.0,32171,5191,2488,4905,15566,7494,16699,46.92,2,4,0,0,4,4,0.0,0.0,0.0,39200,6325,3032,5977,18968,9131,20348,46.92,1,3,0,0,7,6,0.0,0.0,0.0,42177,6805,3262,6431,20408,9825,21893,46.92,2,6,0,0,11,10,0.0,0.0,0.0,45254,7302,3500,6900,21897,10541,23490,46.92,4,10,0,0,14,13
ID9110,0.0,0.0,0.0,424,44,22,52,172,84,254,35.25,0,0,0,0,0,0,0.0,0.0,0.0,608,64,32,74,246,121,364,35.24,0,0,0,0,0,0,0.0,0.0,0.0,823,102,51,93,369,182,482,38.0,0,0,0,0,0,0,0.0,0.0,0.0,833,103,51,94,373,184,488,37.96,0,0,0,0,0,0
ID6110,0.0,0.0,0.0,27779,4048,1988,3343,12996,6339,15691,39.98,0,0,100,1,0,0,0.0,0.0,0.0,33479,4878,2396,4029,15662,7639,18911,39.98,0,0,100,1,50,1,0.0,0.0,0.0,34014,4956,2434,4093,15912,7762,19214,39.98,0,0,100,1,50,1,0.0,0.0,0.0,38937,5673,2786,4685,18215,8885,21995,39.98,0,0,100,1,50,1
ID6104,0.0,0.0,0.0,41394,6644,3210,6909,19738,9622,21602,46.21,0,0,100,3,0,0,0.0,0.0,0.0,65574,10525,5085,10945,31266,15241,34220,46.21,0,0,100,3,0,0,0.0,0.0,0.0,69502,11156,5390,11601,33139,16154,36270,46.21,40,2,100,3,0,0,0.0,0.0,0.0,82838,13296,6424,13825,39497,19254,43230,46.21,60,3,100,3,0,0
ID1502,0.0,0.0,0.0,15322,2594,1265,1703,7989,3903,8322,44.97,3,3,0,0,0,0,0.0,0.0,0.0,18224,3085,1504,2025,9502,4643,9898,44.97,8,7,0,0,6,1,0.0,0.0,0.0,19297,3266,1593,2145,10062,4916,10481,44.97,9,8,0,0,6,1,0.0,0.0,0.0,19328,3272,1595,2148,10078,4924,10498,44.97,10,9,0,0,12,2
ID9401,0.0,0.0,0.0,62014,18136,8799,9571,42451,20774,28333,66.95,36,8,25,1,0,0,0.0,0.0,0.0,72177,21108,10241,11140,49409,24179,32977,66.95,50,11,50,2,50,1,0.0,0.0,0.0,77120,22554,10943,11903,52792,25835,35235,66.95,50,11,50,2,50,1,0.0,0.0,0.0,79191,23159,11237,12223,54210,26529,36181,66.95,50,11,75,3,50,1
ID1811,0.0,0.0,0.0,12229,2022,985,1741,6322,3071,6592,46.7,0,0,0,0,0,0,0.0,0.0,0.0,15235,2524,1229,2171,7880,3827,8215,46.73,0,0,0,0,0,0,0.0,0.0,0.0,16785,2783,1355,2392,8683,4217,9052,46.75,0,0,0,0,0,0,0.0,0.0,0.0,20190,3352,1632,2879,10447,5074,10890,46.77,0,0,0,0,0,0
ID9412,0.0,0.0,0.0,15738,4342,2123,1136,11027,5350,8384,53.55,22,2,0,0,0,0,0.0,0.0,0.0,24727,6823,3336,1785,17326,8407,13172,53.55,22,2,0,0,0,0,0.0,0.0,0.0,29391,8110,3965,2122,20594,9992,15656,53.56,22,2,0,0,0,0,0.0,0.0,0.0,38925,10742,5252,2810,27275,13234,20735,53.56,22,2,0,0,0,0
ID7102,0.0,0.0,0.0,301,37,18,88,113,55,136,49.63,0,0,0,0,0,0,0.0,0.0,0.0,301,37,18,88,113,55,136,49.63,0,0,0,0,0,0,0.0,0.0,0.0,301,37,18,88,113,55,136,49.63,0,0,0,0,0,0,0.0,0.0,0.0,301,37,18,88,113,55,136,49.63,0,0,0,0,0,0
ID7105,0.0,0.0,0.0,36,5,2,10,15,7,17,50.57,3,4,0,0,9,1,0.0,0.0,0.0,1107,144,69,303,457,221,508,50.51,4,5,0,0,9,1,0.0,0.0,0.0,1108,144,69,303,457,221,508,50.51,4,5,0,0,9,1,0.0,0.0,0.0,2983,387,187,816,1232,595,1367,50.51,6,8,0,0,9,1
ID7109,0.0,0.0,0.0,8,1,1,2,4,2,4,51.44,0,0,0,0,0,0,0.0,0.0,0.0,8,1,1,2,4,2,4,51.44,0,0,0,0,0,0,0.0,0.0,0.0,8,1,1,2,4,2,4,51.44,0,0,0,0,0,0,0.0,0.0,0.0,8,1,1,2,4,2,4,51.44,0,0,0,0,0,0
ID7106,0.0,0.0,0.0,9,1,1,2,4,2,4,46.43,0,0,0,0,0,0,0.0,0.0,0.0,9,1,1,2,4,2,4,46.43,0,0,0,0,0,0,0.0,0.0,0.0,9,1,1,2,4,2,4,46.43,0,0,0,0,0,0,0.0,0.0,0.0,9,1,1,2,4,2,4,46.43,0,0,0,0,0,0
ID3516,0.0,0.0,0.0,75738,10453,5072,14046,31539,15378,37203,43.23,2,1,0,0,0,0,0.0,0.0,0.0,86369,11932,5788,16026,35959,17530,42422,43.22,2,1,0,0,0,0,0.0,0.0,0.0,94353,13025,6318,17468,39279,19145,46381,43.16,2,1,0,0,0,0,0.0,0.0,0.0,98622,13619,6605,18263,41054,20009,48476,43.17,9,5,0,0,0,0
ID7203,0.0,0.0,0.0,3805,785,381,501,2106,1022,2012,46.52,100,1,0,0,0,0,0.0,0.0,0.0,5729,1182,574,755,3171,1540,3029,46.52,100,1,0,0,0,0,0.0,0.0,0.0,5843,1205,585,770,3234,1570,3089,46.52,100,1,0,0,0,0,0.0,0.0,0.0,6830,1409,684,900,3781,1836,3611,46.52,100,1,0,0,0,0
ID7212,0.0,0.0,0.0,7357,1518,737,969,4072,1977,3890,46.52,0,0,0,0,0,0,0.0,0.0,0.0,9390,1937,940,1237,5197,2523,4964,46.52,0,0,0,0,0,0,0.0,0.0,0.0,9954,2053,997,1311,5510,2675,5262,46.53,0,0,0,0,0,0,0.0,0.0,0.0,11179,2306,1119,1473,6187,3004,5910,46.53,0,0,0,0,0,0
ID1603,0.0,0.0,0.0,56758,10873,5264,7844,30188,14649,29153,49.28,1,1,0,0,10,1,0.0,0.0,0.0,66434,12732,6164,9180,35340,17149,34121,49.28,1,1,0,0,10,1,0.0,0.0,0.0,66641,12772,6184,9209,35450,17202,34228,49.29,3,2,0,0,10,1,0.0,0.0,0.0,69114,13247,6414,9550,36767,17841,35497,49.29,3,2,0,0,10,1
ID1505,0.0,0.0,0.0,49121,9080,4409,4976,25335,12291,27299,42.45,27,14,14,1,6,1,0.0,0.0,0.0,56906,10520,5109,5762,29353,14240,31627,42.45,31,16,14,1,19,3,0.0,0.0,0.0,58752,10862,5275,5948,30307,14702,32654,42.44,33,17,29,2,19,3,0.0,0.0,0.0,60901,11260,5468,6165,31415,15240,33849,42.44,42,22,29,2,19,3
ID1706,0.0,0.0,0.0,7585,1433,696,957,4212,2040,4046,49.12,2,1,0,0,0,0,0.0,0.0,0.0,12503,2363,1147,1578,6943,3364,6670,49.12,3,2,0,0,0,0,0.0,0.0,0.0,14353,2712,1317,1812,7970,3861,7657,49.12,3,2,0,0,0,0,0.0,0.0,0.0,15477,2925,1420,1954,8594,4164,8256,49.12,8,5,0,0,0,0
ID7402,0.0,0.0,0.0,0,0,0,0,0,0,0,0,0,0,0,0,0,0,0.0,0.0,0.0,0,0,0,0,0,0,0,0,0,0,0,0,0,0,0.0,0.0,0.0,0,0,0,0,0,0,0,0,0,0,0,0,0,0,0.0,0.0,0.0,0,0,0,0,0,0,0,0,0,0,0,0,0,0
ID7413,0.0,0.0,0.0,0,0,0,0,0,0,0,0,0,0,0,0,0,0,0.0,0.0,0.0,0,0,0,0,0,0,0,0,0,0,0,0,0,0,0.0,0.0,0.0,0,0,0,0,0,0,0,0,0,0,0,0,0,0,0.0,0.0,0.0,0,0,0,0,0,0,0,0,0,0,0,0,0,0
ID6213,0.0,0.0,0.0,11538,1939,941,1150,6405,3159,6496,45.76,20,3,0,0,8,1,0.0,0.0,0.0,20260,3406,1651,2018,11247,5547,11407,45.76,20,3,0,0,17,2,0.0,0.0,0.0,20617,3466,1681,2054,11445,5644,11608,45.76,20,3,0,0,25,3,0.0,0.0,0.0,23836,4007,1943,2374,13232,6526,13420,45.76,20,3,0,0,25,3
ID1606,0.0,0.0,0.0,75242,14837,7237,9844,41911,20393,39456,50.11,31,13,0,0,0,0,0.0,0.0,0.0,86371,17018,8301,11304,48091,23400,45293,50.1,38,16,0,0,0,0,0.0,0.0,0.0,88657,17470,8522,11602,49366,24020,46492,50.1,38,16,0,0,0,0,0.0,0.0,0.0,99704,19646,9584,13048,55517,27013,52285,50.1,45,19,33,1,0,0
ID1605,0.0,0.0,0.0,22513,3725,1817,3250,11483,5592,11789,47.16,4,1,0,0,0,0,0.0,0.0,0.0,25397,4202,2050,3666,12955,6308,13300,47.16,4,1,0,0,0,0,0.0,0.0,0.0,26890,4450,2170,3881,13716,6679,14082,47.16,9,2,0,0,0,0,0.0,0.0,0.0,29844,4938,2409,4308,15223,7412,15629,47.16,22,5,0,0,50,1
ID1613,0.0,0.0,0.0,25838,4277,2086,3729,13181,6418,13530,47.17,0,0,0,0,0,0,0.0,0.0,0.0,28012,4637,2262,4043,14291,6958,14669,47.17,0,0,0,0,0,0,0.0,0.0,0.0,29263,4844,2363,4223,14928,7269,15324,47.17,0,0,0,0,0,0,0.0,0.0,0.0,32630,5401,2634,4709,16646,8105,17087,47.17,0,0,0,0,0,0
ID9404,0.0,0.0,0.0,12236,3499,1705,1305,8724,4233,6045,63.17,8,1,50,1,0,0,0.0,0.0,0.0,18143,5188,2528,1934,12934,6276,8963,63.17,8,1,50,1,0,0,0.0,0.0,0.0,18743,5359,2611,1998,13362,6483,9259,63.17,8,1,50,1,0,0,0.0,0.0,0.0,21929,6270,3055,2338,15632,7585,10833,63.16,8,1,50,1,0,0
ID1115,0.0,0.0,0.0,18903,2889,1413,3038,8934,4380,9984,45.93,27,4,0,0,0,0,0.0,0.0,0.0,21068,3220,1574,3386,9957,4881,11128,45.93,27,4,0,0,0,0,0.0,0.0,0.0,23094,3530,1726,3712,10914,5350,12197,45.93,27,4,0,0,0,0,0.0,0.0,0.0,25529,3902,1908,4103,12065,5915,13484,45.93,33,5,0,0,0,0
ID5318,0.0,0.0,0.0,1993,326,158,396,978,476,983,54.14,0,0,0,0,0,0,0.0,0.0,0.0,1993,326,158,396,978,476,983,54.14,0,0,0,0,0,0,0.0,0.0,0.0,2276,372,180,452,1117,544,1123,54.14,0,0,0,0,0,0,0.0,0.0,0.0,2284,373,181,454,1120,546,1127,54.14,0,0,0,0,0,0
ID2103,0.0,0.0,0.0,0,0,0,0,0,0,0,0,0,0,0,0,0,0,0.0,0.0,0.0,0,0,0,0,0,0,0,0,0,0,0,0,0,0,0.0,0.0,0.0,0,0,0,0,0,0,0,0,0,0,0,0,0,0,0.0,0.0,0.0,0,0,0,0,0,0,0,0,0,0,0,0,0,0
ID9429,0.0,0.0,0.0,1908,566,274,62,1373,650,1061,53.82,0,0,0,0,0,0,0.0,0.0,0.0,1912,567,274,62,1376,652,1063,53.82,0,0,0,0,0,0,0.0,0.0,0.0,1912,567,274,62,1376,652,1063,53.82,0,0,0,0,0,0,0.0,0.0,0.0,1957,580,281,63,1409,667,1088,53.82,0,0,0,0,0,0
ID5312,0.0,0.0,0.0,240,36,18,48,117,57,119,53.86,0,0,0,0,0,0,0.0,0.0,0.0,240,36,18,48,117,57,119,53.86,0,0,0,0,0,0,0.0,0.0,0.0,240,36,18,48,117,57,119,53.86,0,0,0,0,0,0,0.0,0.0,0.0,240,36,18,48,117,57,119,53.86,0,0,0,0,0,0
ID3518,0.0,0.0,0.0,92594,11174,5416,22109,35778,17431,43546,45.75,0,0,0,0,0,0,0.0,0.0,0.0,123557,14903,7223,29541,47721,23250,58090,45.76,0,0,0,0,0,0,0.0,0.0,0.0,126498,15256,7394,30248,48855,23803,59471,45.77,2,1,0,0,0,0,0.0,0.0,0.0,145922,17594,8527,34918,56344,27452,68592,45.78,3,2,17,1,0,0
ID3521,0.0,0.0,0.0,69004,7593,3655,19486,23905,11549,30905,47.14,5,11,9,2,4,1,0.0,0.0,0.0,80925,8903,4286,22854,28031,13543,36243,47.14,6,13,14,3,9,2,0.0,0.0,0.0,87155,9589,4616,24612,30192,14586,39034,47.14,6,14,18,4,9,2,0.0,0.0,0.0,96046,10568,5087,27131,33272,16075,43012,47.15,7,16,23,5,9,2
ID1201,0.0,0.0,0.0,0,0,0,0,0,0,0,0,0,0,0,0,0,0,0.0,0.0,0.0,0,0,0,0,0,0,0,0,0,0,0,0,0,0,0.0,0.0,0.0,0,0,0,0,0,0,0,0,0,0,0,0,0,0,0.0,0.0,0.0,0,0,0,0,0,0,0,0,0,0,0,0,0,0
ID1225,0.0,0.0,0.0,0,0,0,0,0,0,0,0,0,0,0,0,0,0,0.0,0.0,0.0,0,0,0,0,0,0,0,0,0,0,0,0,0,0,0.0,0.0,0.0,0,0,0,0,0,0,0,0,0,0,0,0,0,0,0.0,0.0,0.0,0,0,0,0,0,0,0,0,0,0,0,0,0,0
ID1214,0.0,0.0,0.0,0,0,0,0,0,0,0,0,0,0,0,0,0,0,0.0,0.0,0.0,0,0,0,0,0,0,0,0,0,0,0,0,0,0,0.0,0.0,0.0,0,0,0,0,0,0,0,0,0,0,0,0,0,0,0.0,0.0,0.0,0,0,0,0,0,0,0,0,0,0,0,0,0,0
ID1224,0.0,0.0,0.0,0,0,0,0,0,0,0,0,0,0,0,0,0,0,0.0,0.0,0.0,0,0,0,0,0,0,0,0,0,0,0,0,0,0,0.0,0.0,0.0,0,0,0,0,0,0,0,0,0,0,0,0,0,0,0.0,0.0,0.0,0,0,0,0,0,0,0,0,0,0,0,0,0,0
ID6504,0.0,0.0,0.0,6410,968,476,771,3201,1557,3584,40.99,15,6,0,0,6,1,0.0,0.0,0.0,6790,1026,505,817,3391,1650,3796,41.0,15,6,0,0,12,2,0.0,0.0,0.0,7669,1158,570,923,3830,1863,4288,40.99,15,6,0,0,12,2,0.0,0.0,0.0,8224,1242,611,990,4107,1998,4598,40.99,15,6,0,0,12,2
ID1610,0.0,0.0,0.0,87647,15010,7267,13078,44873,21793,43769,48.88,15,4,0,0,25,1,0.0,0.0,0.0,99291,17004,8233,14814,50841,24691,49580,48.88,15,4,0,0,25,1,0.0,0.0,0.0,103535,17731,8585,15447,53016,25748,51697,48.89,15,4,0,0,25,1,0.0,0.0,0.0,108294,18545,8978,16156,55455,26932,54075,48.88,15,4,0,0,25,1
ID1602,0.0,0.0,0.0,90734,13597,6617,12372,45847,22278,48211,45.25,0,0,0,0,0,0,0.0,0.0,0.0,113052,16934,8242,15411,57121,27756,60067,45.24,0,0,0,0,0,0,0.0,0.0,0.0,119751,17938,8730,16325,60506,29401,63623,45.24,0,0,0,0,0,0,0.0,0.0,0.0,127571,19111,9301,17392,64458,31321,67771,45.24,0,0,0,0,0,0
ID1601,0.0,0.0,0.0,21146,3735,1824,3104,11207,5451,10708,49.49,0,0,40,2,0,0,0.0,0.0,0.0,22826,4032,1969,3350,12097,5884,11559,49.49,0,0,40,2,0,0,0.0,0.0,0.0,23349,4124,2014,3427,12375,6019,11824,49.49,0,0,40,2,0,0,0.0,0.0,0.0,30846,5449,2661,4525,16351,7953,15620,49.49,0,0,40,2,0,0
ID1608,0.0,0.0,0.0,7963,1176,574,1212,3780,1849,4290,43.25,0,0,0,0,0,0,0.0,0.0,0.0,8503,1255,613,1294,4036,1974,4580,43.25,0,0,0,0,0,0,0.0,0.0,0.0,8503,1255,613,1294,4036,1974,4580,43.25,0,0,0,0,0,0,0.0,0.0,0.0,8626,1274,622,1313,4095,2003,4647,43.25,0,0,0,0,0,0
ID1609,0.0,0.0,0.0,26233,4143,2001,4652,12558,6097,13430,47.22,15,2,0,0,0,0,0.0,0.0,0.0,31679,5003,2416,5618,15165,7363,16218,47.22,15,2,0,0,0,0,0.0,0.0,0.0,33486,5289,2554,5938,16030,7783,17143,47.22,15,2,0,0,0,0,0.0,0.0,0.0,38278,6045,2920,6788,18324,8896,19596,47.22,23,3,0,0,0,0
ID3501,0.0,0.0,0.0,19108,1960,957,6333,6077,2965,8190,48.96,36,5,20,1,0,0,0.0,0.0,0.0,23509,2412,1178,7792,7477,3647,10076,48.96,36,5,20,1,0,0,0.0,0.0,0.0,23509,2412,1178,7792,7477,3647,10076,48.96,36,5,20,1,0,0,0.0,0.0,0.0,23509,2412,1178,7792,7477,3647,10076,48.96,36,5,20,1,0,0
ID1221,0.0,0.0,0.0,8067,1527,749,761,4889,2381,4230,53.57,0,0,0,0,0,0,0.0,0.0,0.0,9304,1761,864,878,5638,2746,4878,53.58,0,0,0,0,0,0,0.0,0.0,0.0,9414,1782,874,888,5705,2778,4936,53.58,0,0,0,0,0,0,0.0,0.0,0.0,9642,1825,895,909,5843,2846,5055,53.57,0,0,0,0,0,0
ID1220,0.0,0.0,0.0,9757,1815,878,978,6100,2977,4991,55.6,0,0,0,0,0,0,0.0,0.0,0.0,9767,1817,879,979,6106,2980,4996,55.6,0,0,0,0,0,0,0.0,0.0,0.0,9785,1820,880,981,6117,2986,5006,55.6,0,0,0,0,0,0,0.0,0.0,0.0,10418,1938,937,1045,6513,3179,5329,55.6,0,0,0,0,0,0
ID1306,0.0,0.0,0.0,3498,500,243,727,1614,783,1655,51.44,0,0,0,0,0,0,0.0,0.0,0.0,4285,611,298,897,1978,959,2023,51.65,0,0,0,0,0,0,0.0,0.0,0.0,4871,694,338,1023,2250,1091,2298,51.76,0,0,0,0,0,0,0.0,0.0,0.0,5728,815,397,1208,2646,1283,2698,51.89,0,0,0,0,0,0
ID1216,0.0,0.0,0.0,0,0,0,0,0,0,0,0,0,0,0,0,0,0,0.0,0.0,0.0,0,0,0,0,0,0,0,0,0,0,0,0,0,0,0.0,0.0,0.0,0,0,0,0,0,0,0,0,0,0,0,0,0,0,0.0,0.0,0.0,0,0,0,0,0,0,0,0,0,0,0,0,0,0
ID3528,0.0,0.0,0.0,0,0,0,0,0,0,0,0,0,0,0,0,0,0,0.0,0.0,0.0,0,0,0,0,0,0,0,0,0,0,0,0,0,0,0.0,0.0,0.0,0,0,0,0,0,0,0,0,0,0,0,0,0,0,0.0,0.0,0.0,0,0,0,0,0,0,0,0,0,0,0,0,0,0
ID3601,0.0,0.0,0.0,6640,1059,517,911,3393,1658,3467,46.32,0,0,0,0,0,0,0.0,0.0,0.0,9182,1464,715,1260,4692,2292,4794,46.32,0,0,0,0,0,0,0.0,0.0,0.0,10144,1618,790,1392,5183,2533,5296,46.32,0,0,0,0,0,0,0.0,0.0,0.0,15338,2446,1195,2105,7837,3829,8007,46.32,0,0,0,0,0,0
ID3218,0.0,0.0,0.0,22910,2666,1297,6007,8699,4226,10413,47.92,4,2,0,0,0,0,0.0,0.0,0.0,25303,2943,1432,6639,9605,4666,11497,47.94,4,2,0,0,0,0,0.0,0.0,0.0,25560,2973,1446,6707,9702,4713,11613,47.94,4,2,0,0,0,0,0.0,0.0,0.0,26840,3121,1518,7045,10187,4948,12193,47.94,4,2,0,0,0,0
ID7309,0.0,0.0,0.0,25715,3841,1882,4513,11891,5825,12837,48.9,9,5,100,1,0,0,0.0,0.0,0.0,25715,3841,1882,4513,11891,5825,12837,48.9,9,5,100,1,0,0,0.0,0.0,0.0,25715,3841,1882,4513,11891,5825,12837,48.9,9,5,100,1,0,0,0.0,0.0,0.0,28427,4246,2081,4989,13145,6440,14191,48.9,9,5,100,1,0,0
ID9410,0.0,0.0,0.0,13444,1936,916,802,5867,2706,9107,28.59,0,0,0,0,0,0,0.0,0.0,0.0,14208,2046,967,847,6200,2860,9625,28.59,4,1,0,0,0,0,0.0,0.0,0.0,14541,2093,990,867,6344,2926,9850,28.58,4,1,0,0,0,0,0.0,0.0,0.0,15798,2274,1075,942,6892,3179,10703,28.58,4,1,0,0,0,0
ID7208,0.0,0.0,0.0,2096,288,141,298,1014,497,1132,43.91,0,0,0,0,0,0,0.0,0.0,0.0,2096,288,141,298,1014,497,1132,43.91,0,0,0,0,0,0,0.0,0.0,0.0,2132,293,143,303,1032,505,1151,43.91,0,0,0,0,0,0,0.0,0.0,0.0,2710,372,182,386,1312,642,1463,43.91,0,0,0,0,0,0
ID1309,0.0,0.0,0.0,5446,901,440,716,2845,1384,2815,48.31,0,0,0,0,0,0,0.0,0.0,0.0,6461,1069,522,849,3375,1641,3340,48.31,0,0,0,0,0,0,0.0,0.0,0.0,6472,1070,523,850,3381,1644,3345,48.31,0,0,0,0,0,0,0.0,0.0,0.0,6472,1070,523,850,3381,1644,3346,48.31,0,0,0,0,0,0
ID1312,0.0,0.0,0.0,11255,1861,909,1480,5878,2858,5817,48.32,11,4,0,0,0,0,0.0,0.0,0.0,13792,2281,1114,1813,7203,3503,7129,48.32,14,5,0,0,0,0,0.0,0.0,0.0,14579,2411,1177,1917,7614,3703,7535,48.32,14,5,0,0,0,0,0.0,0.0,0.0,15857,2621,1280,2086,8280,4027,8195,48.32,14,5,0,0,0,0
ID6401,0.0,0.0,0.0,23478,3953,1936,2948,11693,5696,12911,42.54,14,13,0,0,21,7,0.0,0.0,0.0,27806,4682,2293,3490,13847,6746,15292,42.53,20,19,0,0,21,7,0.0,0.0,0.0,28405,4783,2342,3566,14147,6892,15621,42.53,23,22,0,0,24,8,0.0,0.0,0.0,32374,5451,2670,4063,16122,7855,17805,42.53,27,26,0,0,30,10
ID3514,0.0,0.0,0.0,22072,2926,1423,3838,9089,4411,11200,41.76,0,0,0,0,0,0,0.0,0.0,0.0,33765,4477,2177,5873,13905,6748,17133,41.77,2,1,0,0,0,0,0.0,0.0,0.0,39992,5303,2578,6958,16469,7992,20292,41.77,2,1,0,0,0,0,0.0,0.0,0.0,49347,6545,3182,8594,20319,9861,25034,41.79,4,2,0,0,25,1
ID3318,0.0,0.0,0.0,44174,5473,2659,9435,16802,8160,21514,42.9,1,1,0,0,0,0,0.0,0.0,0.0,50532,6261,3042,10793,19220,9335,24610,42.9,1,1,0,0,0,0,0.0,0.0,0.0,52060,6450,3134,11119,19801,9617,25355,42.9,1,1,0,0,0,0,0.0,0.0,0.0,57668,7146,3472,12314,21936,10654,28087,42.9,1,1,0,0,0,0
ID9112,0.0,0.0,0.0,87,15,7,8,44,22,51,40.21,0,0,0,0,0,0,0.0,0.0,0.0,87,15,7,8,44,22,51,40.21,0,0,0,0,0,0,0.0,0.0,0.0,87,15,7,8,44,22,51,40.21,0,0,0,0,0,0,0.0,0.0,0.0,88,15,7,8,45,22,51,40.21,0,0,0,0,0,0
ID9417,0.0,0.0,0.0,593,127,63,14,398,191,342,46.18,33,1,0,0,0,0,0.0,0.0,0.0,647,138,69,15,434,208,373,46.14,33,1,0,0,0,0,0.0,0.0,0.0,647,138,69,15,434,208,373,46.14,33,1,0,0,0,0,0.0,0.0,0.0,662,141,70,15,444,213,382,46.13,33,1,0,0,0,0
ID3326,0.0,0.0,0.0,11450,1707,827,1912,5139,2494,5863,44.01,0,0,0,0,0,0,0.0,0.0,0.0,13470,2008,973,2250,6046,2934,6897,44.02,0,0,0,0,0,0,0.0,0.0,0.0,13536,2018,978,2261,6076,2948,6931,44.02,0,0,0,0,0,0,0.0,0.0,0.0,13536,2018,978,2261,6076,2948,6931,44.02,0,0,0,0,0,0
ID1404,0.0,0.0,0.0,13604,2759,1341,906,8304,4022,7570,48.36,20,4,25,1,0,0,0.0,0.0,0.0,17803,3610,1754,1186,10866,5263,9907,48.35,20,4,25,1,0,0,0.0,0.0,0.0,22698,4603,2237,1511,13855,6711,12631,48.35,20,4,25,1,0,0,0.0,0.0,0.0,25009,5071,2465,1665,15266,7394,13917,48.36,35,7,25,1,0,0
ID3327,0.0,0.0,0.0,42371,5699,2762,7579,18333,8904,21763,43.59,0,0,0,0,0,0,0.0,0.0,0.0,50576,6801,3296,9048,21881,10627,25978,43.59,0,0,0,0,0,0,0.0,0.0,0.0,52877,7110,3445,9460,22875,11111,27160,43.59,0,0,0,0,0,0,0.0,0.0,0.0,59556,8006,3880,10657,25764,12513,30591,43.59,0,0,0,0,0,0
ID6409,0.0,0.0,0.0,8117,1396,680,1166,4120,1999,4303,45.86,3,3,0,0,3,1,0.0,0.0,0.0,10588,1822,888,1523,5375,2608,5613,45.88,5,5,0,0,3,1,0.0,0.0,0.0,11653,2005,977,1676,5916,2871,6176,45.89,6,6,0,0,3,1,0.0,0.0,0.0,14432,2483,1210,2076,7326,3555,7649,45.89,7,7,0,0,3,1
ID1612,0.0,0.0,0.0,11592,2227,1078,1596,6178,2998,5954,49.35,0,0,0,0,0,0,0.0,0.0,0.0,11893,2285,1106,1637,6338,3076,6109,49.35,0,0,0,0,0,0,0.0,0.0,0.0,11926,2291,1109,1642,6356,3084,6126,49.35,0,0,0,0,0,0,0.0,0.0,0.0,12342,2371,1148,1699,6577,3192,6339,49.35,0,0,0,0,0,0
ID1809,0.0,0.0,0.0,4821,831,407,827,2439,1191,2440,49.23,0,0,0,0,0,0,0.0,0.0,0.0,5383,929,455,925,2724,1330,2723,49.28,0,0,0,0,0,0,0.0,0.0,0.0,5383,929,455,925,2724,1330,2723,49.28,0,0,0,0,0,0,0.0,0.0,0.0,5385,929,455,926,2726,1331,2724,49.28,0,0,0,0,0,0
ID1813,0.0,0.0,0.0,1223,222,109,179,653,319,631,48.62,0,0,0,0,0,0,0.0,0.0,0.0,1223,222,109,179,653,319,631,48.62,0,0,0,0,0,0,0.0,0.0,0.0,1223,222,109,179,653,319,631,48.62,0,0,0,0,0,0,0.0,0.0,0.0,1223,222,109,179,653,319,631,48.62,0,0,0,0,0,0
ID1302,0.0,0.0,0.0,4709,716,347,847,2234,1085,2314,48.78,0,0,0,0,0,0,0.0,0.0,0.0,5143,782,379,925,2439,1184,2527,48.78,0,0,0,0,0,0,0.0,0.0,0.0,5497,836,405,989,2607,1266,2701,48.78,1,1,0,0,0,0,0.0,0.0,0.0,6032,918,445,1085,2861,1389,2964,48.78,2,2,25,1,0,0
ID1109,0.0,0.0,0.0,3866,571,277,727,1781,866,1949,49.56,0,0,0,0,0,0,0.0,0.0,0.0,3866,571,277,727,1781,866,1949,49.56,0,0,0,0,0,0,0.0,0.0,0.0,3866,571,277,727,1781,866,1949,49.56,0,0,0,0,0,0,0.0,0.0,0.0,3866,571,277,727,1781,866,1949,49.56,0,0,0,0,0,0
ID1118,0.0,0.0,0.0,2595,405,197,478,1225,593,1319,50.12,0,0,0,0,0,0,0.0,0.0,0.0,2595,405,197,478,1225,593,1319,50.12,0,0,0,0,0,0,0.0,0.0,0.0,2595,405,197,478,1225,593,1319,50.12,0,0,0,0,0,0,0.0,0.0,0.0,2595,405,197,478,1225,593,1319,50.12,0,0,0,0,0,0
ID7315,0.0,0.0,0.0,34979,5083,2475,6375,15943,7745,17297,48.39,2,2,0,0,0,0,0.0,0.0,0.0,45506,6615,3222,8290,20749,10081,22503,48.4,2,2,0,0,0,0,0.0,0.0,0.0,51353,7465,3635,9356,23413,11375,25394,48.4,2,2,0,0,0,0,0.0,0.0,0.0,59871,8702,4238,10909,27295,13261,29606,48.4,1,1,0,0,0,0
ID7503,0.0,0.0,0.0,8744,1368,676,1129,4325,2114,4740,44.26,0,0,0,0,0,0,0.0,0.0,0.0,10439,1633,807,1347,5163,2524,5659,44.26,0,0,0,0,0,0,0.0,0.0,0.0,11060,1730,855,1428,5470,2674,5996,44.26,0,0,0,0,0,0,0.0,0.0,0.0,11244,1759,869,1451,5561,2718,6096,44.26,0,0,0,0,0,0
ID7602,0.0,0.0,0.0,29481,4926,2440,4660,15269,7522,14663,52.04,0,0,12,1,0,0,0.0,0.0,0.0,43309,7232,3583,6847,22426,11049,21540,52.03,0,0,12,1,0,0,0.0,0.0,0.0,51290,8564,4242,8109,26558,13084,25510,52.02,0,0,12,1,0,0,0.0,0.0,0.0,60597,10116,5011,9581,31375,15458,30139,52.02,0,0,12,1,0,0
ID3502,0.0,0.0,0.0,6890,723,352,2161,2251,1094,3063,48.06,0,0,0,0,0,0,0.0,0.0,0.0,8235,864,421,2583,2690,1308,3661,48.06,0,0,0,0,0,0,0.0,0.0,0.0,8235,864,421,2583,2690,1308,3661,48.06,0,0,0,0,0,0,0.0,0.0,0.0,8843,927,452,2773,2889,1404,3931,48.06,0,0,0,0,0,0
ID7204,0.0,0.0,0.0,14053,2125,1018,2608,6652,3195,7158,47.03,0,0,0,0,0,0,0.0,0.0,0.0,14960,2262,1084,2776,7081,3401,7621,47.03,0,0,0,0,0,0,0.0,0.0,0.0,18952,2866,1373,3517,8971,4309,9654,47.03,0,0,0,0,0,0,0.0,0.0,0.0,20466,3094,1483,3797,9687,4653,10425,47.03,0,0,0,0,0,0
ID1810,0.0,0.0,0.0,8255,1301,637,1473,3941,1919,4160,46.91,0,0,25,1,9,1,0.0,0.0,0.0,13830,2179,1067,2468,6603,3215,6970,46.91,0,0,25,1,9,1,0.0,0.0,0.0,14352,2261,1107,2561,6852,3336,7233,46.91,0,0,25,1,9,1,0.0,0.0,0.0,16195,2552,1249,2890,7732,3765,8162,46.91,0,0,25,1,9,1
ID3513,0.0,0.0,0.0,4054,539,263,870,1627,795,1971,45.89,0,0,0,0,0,0,0.0,0.0,0.0,4054,539,263,870,1627,795,1971,45.89,0,0,0,0,0,0,0.0,0.0,0.0,4054,539,263,870,1627,795,1971,45.89,0,0,0,0,0,0,0.0,0.0,0.0,4054,539,263,870,1627,795,1971,45.89,0,0,0,0,0,0
ID6210,0.0,0.0,0.0,23872,3883,1890,4383,11807,5714,12227,48.35,40,6,100,2,67,2,0.0,0.0,0.0,35150,5717,2783,6454,17384,8414,18004,48.35,67,10,100,2,67,2,0.0,0.0,0.0,37197,6050,2945,6830,18396,8904,19052,48.35,67,10,100,2,67,2,0.0,0.0,0.0,44120,7155,3483,8080,21790,10547,22619,48.24,73,11,100,2,67,2
ID8207,0.0,0.0,0.0,0,0,0,0,0,0,0,0,0,0,0,0,0,0,0.0,0.0,0.0,0,0,0,0,0,0,0,0,0,0,0,0,0,0,0.0,0.0,0.0,0,0,0,0,0,0,0,0,0,0,0,0,0,0,0.0,0.0,0.0,0,0,0,0,0,0,0,0,0,0,0,0,0,0
ID8208,0.0,0.0,0.0,0,0,0,0,0,0,0,0,0,0,0,0,0,0,0.0,0.0,0.0,0,0,0,0,0,0,0,0,0,0,0,0,0,0,0.0,0.0,0.0,0,0,0,0,0,0,0,0,0,0,0,0,0,0,0.0,0.0,0.0,0,0,0,0,0,0,0,0,0,0,0,0,0,0
ID9433,0.0,0.0,0.0,788,43,20,81,272,126,520,25.96,0,0,0,0,0,0,0.0,0.0,0.0,868,47,22,89,300,139,573,25.96,0,0,0,0,0,0,0.0,0.0,0.0,902,49,23,93,312,145,595,25.96,0,0,0,0,0,0,0.0,0.0,0.0,917,50,23,95,317,147,605,25.96,0,0,0,0,0,0
ID9411,0.0,0.0,0.0,2120,114,54,218,732,340,1399,25.94,0,0,0,0,0,0,0.0,0.0,0.0,2123,115,54,219,733,340,1401,25.94,0,0,0,0,0,0,0.0,0.0,0.0,2123,115,54,219,733,340,1401,25.94,0,0,0,0,0,0,0.0,0.0,0.0,2166,117,55,223,748,347,1430,25.94,0,0,0,0,0,0
ID3303,0.0,0.0,0.0,36106,4977,2428,8225,15366,7467,17657,48.17,1,1,0,0,0,0,0.0,0.0,0.0,39370,5426,2647,8969,16753,8141,19253,48.17,3,3,0,0,0,0,0.0,0.0,0.0,39370,5426,2647,8969,16753,8141,19253,48.17,3,3,0,0,0,0,0.0,0.0,0.0,43487,5988,2922,9909,18497,8990,21265,48.15,3,3,0,0,0,0
ID3214,0.0,0.0,0.0,4511,688,335,677,2138,1039,2387,44.55,0,0,0,0,0,0,0.0,0.0,0.0,4732,722,351,710,2242,1089,2504,44.53,0,0,0,0,0,0,0.0,0.0,0.0,4732,722,351,710,2242,1089,2504,44.53,0,0,0,0,0,0,0.0,0.0,0.0,4732,722,351,710,2242,1089,2504,44.53,0,0,0,0,0,0
ID3306,0.0,0.0,0.0,10836,1269,616,2866,4012,1957,4851,47.26,4,4,0,0,0,0,0.0,0.0,0.0,14239,1667,809,3768,5269,2571,6372,47.26,4,4,0,0,0,0,0.0,0.0,0.0,17246,2018,979,4565,6379,3112,7716,47.27,7,7,0,0,0,0,0.0,0.0,0.0,18338,2145,1041,4855,6783,3309,8205,47.27,7,7,0,0,0,0
ID9108,0.0,0.0,0.0,0,0,0,0,0,0,0,0,0,0,0,0,0,0,0.0,0.0,0.0,0,0,0,0,0,0,0,0,0,0,0,0,0,0,0.0,0.0,0.0,0,0,0,0,0,0,0,0,0,0,0,0,0,0,0.0,0.0,0.0,0,0,0,0,0,0,0,0,0,0,0,0,0,0
ID1702,0.0,0.0,0.0,0,0,0,0,0,0,0,0,0,0,0,0,0,0,0.0,0.0,0.0,0,0,0,0,0,0,0,0,0,0,0,0,0,0,0.0,0.0,0.0,0,0,0,0,0,0,0,0,0,0,0,0,0,0,0.0,0.0,0.0,0,0,0,0,0,0,0,0,0,0,0,0,0,0
ID3317,0.0,0.0,0.0,6463,839,408,1353,2494,1210,3186,42.47,0,0,0,0,0,0,0.0,0.0,0.0,7199,933,454,1509,2776,1347,3547,42.49,0,0,0,0,0,0,0.0,0.0,0.0,7496,971,473,1571,2891,1402,3693,42.49,0,0,0,0,0,0,0.0,0.0,0.0,7817,1013,493,1638,3015,1462,3851,42.49,0,0,0,0,0,0
ID1409,0.0,0.0,0.0,44529,7485,3657,4321,24996,12176,24060,47.14,21,9,0,0,0,0,0.0,0.0,0.0,51940,8733,4266,5041,29154,14202,28065,47.14,26,11,33,1,0,0,0.0,0.0,0.0,53803,9046,4419,5222,30200,14711,29072,47.14,28,12,33,1,0,0,0.0,0.0,0.0,61057,10265,5015,5926,34272,16695,32991,47.14,28,12,33,1,0,0
ID1407,0.0,0.0,0.0,51085,7559,3715,4979,27653,13536,28467,45.42,7,2,20,1,50,1,0.0,0.0,0.0,58301,8626,4239,5682,31559,15448,32488,45.42,7,2,20,1,50,1,0.0,0.0,0.0,59816,8851,4349,5830,32379,15849,33332,45.42,7,2,20,1,50,1,0.0,0.0,0.0,63489,9394,4616,6188,34367,16822,35379,45.42,7,2,20,1,50,1
ID5314,0.0,0.0,0.0,0,0,0,0,0,0,0,0,0,0,0,0,0,0,0.0,0.0,0.0,0,0,0,0,0,0,0,0,0,0,0,0,0,0,0.0,0.0,0.0,0,0,0,0,0,0,0,0,0,0,0,0,0,0,0.0,0.0,0.0,0,0,0,0,0,0,0,0,0,0,0,0,0,0
ID5320,0.0,0.0,0.0,0,0,0,0,0,0,0,0,0,0,0,0,0,0,0.0,0.0,0.0,0,0,0,0,0,0,0,0,0,0,0,0,0,0,0.0,0.0,0.0,0,0,0,0,0,0,0,0,0,0,0,0,0,0,0.0,0.0,0.0,0,0,0,0,0,0,0,0,0,0,0,0,0,0
ID6101,0.0,0.0,0.0,116785,19196,9274,18908,59107,28690,59023,48.93,44,7,50,1,0,0,0.0,0.0,0.0,140015,23010,11117,22670,70860,34395,70761,48.93,56,9,50,1,0,0,0.0,0.0,0.0,149241,24525,11849,24165,75528,36661,75423,48.93,62,10,50,1,0,0,0.0,0.0,0.0,168989,27767,13415,27363,85519,41511,85401,48.93,69,11,50,1,0,0
ID1217,0.0,0.0,0.0,1563,275,134,312,855,419,689,61.62,0,0,0,0,0,0,0.0,0.0,0.0,1563,275,134,312,855,419,689,61.62,0,0,0,0,0,0,0.0,0.0,0.0,1563,275,134,312,855,419,689,61.62,0,0,0,0,0,0,0.0,0.0,0.0,1563,275,134,312,855,419,689,61.62,0,0,0,0,0,0
ID3527,0.0,0.0,0.0,0,0,0,0,0,0,0,0,0,0,0,0,0,0,0.0,0.0,0.0,0,0,0,0,0,0,0,0,0,0,0,0,0,0,0.0,0.0,0.0,0,0,0,0,0,0,0,0,0,0,0,0,0,0,0.0,0.0,0.0,0,0,0,0,0,0,0,0,0,0,0,0,0,0
ID6105,0.0,0.0,0.0,57375,9013,4394,7515,27549,13409,30958,41.79,35,7,67,2,0,0,0.0,0.0,0.0,61950,9732,4744,8115,29745,14477,33426,41.79,45,9,67,2,0,0,0.0,0.0,0.0,62892,9880,4817,8238,30197,14697,33934,41.79,45,9,67,2,0,0,0.0,0.0,0.0,68219,10716,5225,8936,32754,15942,36808,41.78,45,9,67,2,0,0
ID9419,0.0,0.0,0.0,891,274,136,99,685,332,411,69.52,25,1,0,0,0,0,0.0,0.0,0.0,1134,348,173,126,872,423,523,69.53,25,1,0,0,0,0,0.0,0.0,0.0,1288,396,197,143,990,480,594,69.54,25,1,0,0,0,0,0.0,0.0,0.0,1564,481,239,173,1203,583,721,69.54,25,1,0,0,0,0
ID1503,0.0,0.0,0.0,29867,4981,2422,3174,15881,7737,16273,45.34,24,15,0,0,8,1,0.0,0.0,0.0,35661,5947,2892,3789,18962,9238,19429,45.34,33,21,0,0,8,1,0.0,0.0,0.0,36670,6115,2974,3896,19499,9499,19979,45.34,33,21,0,0,8,1,0.0,0.0,0.0,42329,7059,3433,4498,22508,10965,23062,45.34,40,25,0,0,25,3
ID6109,0.0,0.0,0.0,32183,5185,2525,4526,16025,7795,17111,44.6,51,20,0,0,86,6,0.0,0.0,0.0,36694,5910,2878,5160,18266,8885,19510,44.59,51,20,0,0,86,6,0.0,0.0,0.0,37945,6112,2976,5336,18889,9188,20176,44.59,51,20,0,0,86,6,0.0,0.0,0.0,39828,6415,3124,5601,19826,9644,21177,44.59,51,20,0,0,86,6
ID1705,0.0,0.0,0.0,14,2,1,2,7,3,7,44.28,0,0,0,0,0,0,0.0,0.0,0.0,14,2,1,2,7,3,7,44.28,0,0,0,0,0,0,0.0,0.0,0.0,14,2,1,2,7,3,7,44.28,0,0,0,0,0,0,0.0,0.0,0.0,14,2,1,2,7,3,7,44.28,0,0,0,0,0,0
ID3322,0.0,0.0,0.0,1283,160,78,256,514,251,642,43.45,0,0,0,0,0,0,0.0,0.0,0.0,1283,160,78,256,514,251,642,43.45,0,0,0,0,0,0,0.0,0.0,0.0,1283,160,78,256,514,251,642,43.45,0,0,0,0,0,0,0.0,0.0,0.0,1283,160,78,256,514,251,642,43.45,0,0,0,0,0,0
ID8106,0.0,0.0,0.0,484,84,41,63,265,129,259,49.43,0,0,0,0,0,0,0.0,0.0,0.0,540,94,46,70,295,144,289,49.43,0,0,0,0,0,0,0.0,0.0,0.0,540,94,46,70,295,144,289,49.43,0,0,0,0,0,0,0.0,0.0,0.0,560,97,48,72,306,150,300,49.43,0,0,0,0,0,0
ID8107,0.0,0.0,0.0,3029,562,277,317,1723,844,1657,49.4,0,0,0,0,0,0,0.0,0.0,0.0,4283,795,391,449,2437,1193,2343,49.4,0,0,0,0,0,0,0.0,0.0,0.0,4283,795,391,449,2437,1193,2343,49.4,0,0,0,0,0,0,0.0,0.0,0.0,4517,839,413,473,2570,1258,2471,49.4,0,0,0,0,0,0
ID3604,0.0,0.0,0.0,93768,15304,7440,11226,46111,22430,51414,42.79,0,0,0,0,0,0,0.0,0.0,0.0,121850,19884,9668,14625,59906,29142,66784,42.81,10,5,0,0,0,0,0.0,0.0,0.0,130479,21291,10352,15664,64146,31204,71511,42.81,10,5,0,0,0,0,0.0,0.0,0.0,142128,23196,11278,17065,69876,33992,77890,42.82,12,6,0,0,0,0
ID1218,0.0,0.0,0.0,33273,5777,2814,4670,17335,8427,16537,49.35,0,0,0,0,0,0,0.0,0.0,0.0,46749,8128,3959,6590,24278,11799,23230,49.28,0,0,0,0,0,0,0.0,0.0,0.0,52102,9067,4416,7352,27036,13138,25889,49.26,0,0,0,0,0,0,0.0,0.0,0.0,62082,10802,5261,8759,32222,15659,30848,49.27,0,0,0,0,0,0
ID6208,0.0,0.0,0.0,9649,1673,823,905,5162,2518,5533,41.89,25,1,50,1,0,0,0.0,0.0,0.0,11426,1981,974,1072,6113,2982,6552,41.89,25,1,50,1,0,0,0.0,0.0,0.0,11897,2063,1014,1116,6365,3105,6822,41.89,25,1,50,1,0,0,0.0,0.0,0.0,15470,2682,1319,1451,8276,4037,8871,41.89,25,1,50,1,0,0
ID1405,0.0,0.0,0.0,56776,10342,5027,4452,32072,15579,31740,45.03,40,23,14,1,67,2,0.0,0.0,0.0,70217,12789,6217,5506,39665,19267,39255,45.03,46,26,14,1,67,2,0.0,0.0,0.0,72596,13223,6428,5692,41009,19920,40584,45.03,46,26,14,1,67,2,0.0,0.0,0.0,77069,14038,6824,6042,43536,21148,43086,45.03,56,32,14,1,67,2
ID7108,0.0,0.0,0.0,0,0,0,0,0,0,0,0,0,0,0,0,0,0,0.0,0.0,0.0,0,0,0,0,0,0,0,0,0,0,0,0,0,0,0.0,0.0,0.0,0,0,0,0,0,0,0,0,0,0,0,0,0,0,0.0,0.0,0.0,0,0,0,0,0,0,0,0,0,0,0,0,0,0
ID7314,0.0,0.0,0.0,6182,894,435,1303,2691,1313,3000,49.25,0,0,0,0,0,0,0.0,0.0,0.0,6396,925,450,1348,2785,1359,3104,49.25,0,0,0,0,0,0,0.0,0.0,0.0,6940,1002,487,1463,3018,1472,3368,49.21,0,0,0,0,0,0,0.0,0.0,0.0,7421,1071,521,1564,3227,1574,3601,49.21,0,0,0,0,0,0
ID3515,0.0,0.0,0.0,368851,46961,22764,55534,153604,74551,192439,39.46,7,11,8,3,25,1,0.0,0.0,0.0,562190,71560,34688,84646,234124,113633,293320,39.47,19,31,17,6,75,3,0.0,0.0,0.0,630361,80236,38894,94896,262515,127412,328895,39.46,24,38,19,7,75,3,0.0,0.0,0.0,717135,91278,44247,108006,298649,144951,374148,39.47,31,50,22,8,75,3
ID7210,0.0,0.0,0.0,14663,2464,1196,2151,7479,3620,7608,47.37,0,0,0,0,4,1,0.0,0.0,0.0,16596,2785,1352,2443,8467,4098,8607,47.41,0,0,0,0,4,1,0.0,0.0,0.0,16735,2808,1363,2464,8538,4132,8679,47.41,0,0,0,0,4,1,0.0,0.0,0.0,20365,3411,1656,3012,10392,5029,10554,47.46,0,0,0,0,4,1
ID1304,0.0,0.0,0.0,21834,3484,1703,3339,10845,5281,11183,47.53,12,2,50,1,100,1,0.0,0.0,0.0,23100,3686,1802,3532,11474,5587,11831,47.53,12,2,50,1,100,1,0.0,0.0,0.0,24071,3841,1878,3681,11957,5822,12329,47.53,12,2,50,1,100,1,0.0,0.0,0.0,28495,4547,2223,4357,14154,6892,14595,47.53,12,2,50,1,100,1
ID5310,0.0,0.0,0.0,438,92,44,84,232,113,201,60.59,0,0,0,0,0,0,0.0,0.0,0.0,438,92,44,84,232,113,201,60.59,0,0,0,0,0,0,0.0,0.0,0.0,438,92,44,84,232,113,201,60.59,0,0,0,0,0,0,0.0,0.0,0.0,438,92,44,84,232,113,201,60.59,0,0,0,0,0,0
ID1209,0.0,0.0,0.0,4319,605,296,790,1959,959,2129,47.06,0,0,0,0,0,0,0.0,0.0,0.0,4489,628,308,821,2035,996,2212,47.06,0,0,0,0,0,0,0.0,0.0,0.0,4489,628,308,821,2035,996,2212,47.06,0,0,0,0,0,0,0.0,0.0,0.0,10191,1427,699,1864,4621,2262,5022,47.06,0,0,0,0,0,0
ID1101,0.0,0.0,0.0,0,0,0,0,0,0,0,0,0,0,0,0,0,0,0.0,0.0,0.0,0,0,0,0,0,0,0,0,0,0,0,0,0,0,0.0,0.0,0.0,0,0,0,0,0,0,0,0,0,0,0,0,0,0,0.0,0.0,0.0,0,0,0,0,0,0,0,0,0,0,0,0,0,0
ID7307,0.0,0.0,0.0,1832,266,129,334,810,394,932,46.71,0,0,0,0,0,0,0.0,0.0,0.0,1832,266,129,334,810,394,932,46.71,0,0,0,0,0,0,0.0,0.0,0.0,1832,266,129,334,810,394,932,46.71,0,0,0,0,0,0,0.0,0.0,0.0,1832,266,129,334,810,394,932,46.71,0,0,0,0,0,0
ID6107,0.0,0.0,0.0,81824,13847,6790,10922,42760,20909,44027,46.42,7,2,0,0,0,0,0.0,0.0,0.0,91846,15542,7621,12259,47995,23469,49420,46.42,7,2,0,0,0,0,0.0,0.0,0.0,94383,15972,7832,12598,49321,24118,50786,46.42,7,2,0,0,0,0,0.0,0.0,0.0,103621,17535,8598,13831,54149,26479,55756,46.42,15,4,0,0,0,0
ID3512,0.0,0.0,0.0,10817,1137,556,2825,3649,1781,5120,44.5,1,7,0,0,0,0,0.0,0.0,0.0,12221,1284,628,3191,4122,2012,5785,44.49,2,11,0,0,0,0,0.0,0.0,0.0,13817,1451,709,3607,4660,2275,6541,44.48,2,12,0,0,0,0,0.0,0.0,0.0,23829,2500,1222,6219,8033,3922,11282,44.46,2,15,0,0,0,0
ID3404,0.0,0.0,0.0,646,75,36,173,238,116,299,47.91,0,0,0,0,0,0,0.0,0.0,0.0,646,75,36,173,238,116,299,47.91,0,0,0,0,0,0,0.0,0.0,0.0,646,75,36,173,238,116,299,47.91,0,0,0,0,0,0,0.0,0.0,0.0,646,75,36,173,238,116,299,47.91,0,0,0,0,0,0
ID1303,0.0,0.0,0.0,4571,662,323,817,2137,1041,2261,47.97,0,0,0,0,0,0,0.0,0.0,0.0,4571,662,323,817,2137,1041,2261,47.97,0,0,0,0,0,0,0.0,0.0,0.0,4571,662,323,817,2137,1041,2261,47.97,0,0,0,0,0,0,0.0,0.0,0.0,4663,675,330,834,2180,1062,2306,47.97,0,0,0,0,0,0
ID1310,0.0,0.0,0.0,9817,1589,775,1460,4822,2340,5231,45.93,15,5,100,1,0,0,0.0,0.0,0.0,10083,1632,796,1500,4953,2403,5373,45.93,21,7,100,1,0,0,0.0,0.0,0.0,10176,1647,803,1513,4999,2425,5422,45.93,21,7,100,1,0,0,0.0,0.0,0.0,13354,2162,1054,1986,6560,3183,7115,45.93,21,7,100,1,0,0
ID7312,0.0,0.0,0.0,10827,1178,570,3048,3691,1799,4855,48.8,0,0,0,0,0,0,0.0,0.0,0.0,11208,1220,590,3155,3820,1862,5025,48.8,5,2,0,0,0,0,0.0,0.0,0.0,11558,1258,608,3252,3940,1920,5183,48.8,5,2,0,0,0,0,0.0,0.0,0.0,12269,1335,646,3453,4183,2038,5502,48.8,5,2,0,0,0,0
ID9107,0.0,0.0,0.0,1892,314,152,243,953,463,1056,42.53,10,2,0,0,0,0,0.0,0.0,0.0,2375,394,190,305,1197,581,1325,42.53,10,2,0,0,0,0,0.0,0.0,0.0,2955,490,237,380,1489,723,1649,42.53,10,2,0,0,0,0,0.0,0.0,0.0,3044,505,244,391,1534,745,1699,42.53,10,2,0,0,0,0
ID9106,0.0,0.0,0.0,1914,343,169,166,1099,548,1055,46.15,0,0,0,0,0,0,0.0,0.0,0.0,2330,417,205,202,1338,667,1284,46.15,0,0,0,0,0,0,0.0,0.0,0.0,2415,432,213,210,1387,691,1331,46.15,0,0,0,0,0,0,0.0,0.0,0.0,2431,435,214,211,1396,696,1340,46.15,0,0,0,0,0,0
ID3314,0.0,0.0,0.0,50663,6053,2940,12661,19592,9532,23574,47.65,6,4,10,1,0,0,0.0,0.0,0.0,58819,7027,3413,14700,22746,11066,27369,47.65,12,8,10,1,0,0,0.0,0.0,0.0,60132,7184,3489,15028,23254,11313,27980,47.65,12,8,10,1,0,0,0.0,0.0,0.0,65490,7824,3800,16367,25326,12321,30473,47.65,12,8,10,1,0,0
ID3213,0.0,0.0,0.0,60730,7589,3700,11594,24363,11852,31230,42.14,5,4,67,4,0,0,0.0,0.0,0.0,74829,9350,4559,14293,30016,14602,38476,42.14,5,4,67,4,0,0,0.0,0.0,0.0,80156,10015,4882,15317,32149,15640,41212,42.14,5,4,67,4,0,0,0.0,0.0,0.0,89629,11195,5458,17137,35940,17484,46076,42.15,5,4,67,4,0,0
ID3202,0.0,0.0,0.0,18785,2758,1344,3115,8688,4238,9742,44.91,1,2,0,0,2,1,0.0,0.0,0.0,24184,3549,1730,4011,11182,5454,12542,44.91,2,3,0,0,2,1,0.0,0.0,0.0,25357,3721,1813,4206,11723,5719,13151,44.91,2,3,0,0,2,1,0.0,0.0,0.0,27632,4054,1976,4583,12774,6231,14330,44.9,2,4,0,0,2,1
ID6206,0.0,0.0,0.0,3215,557,275,333,1640,802,1853,40.84,0,0,0,0,0,0,0.0,0.0,0.0,5048,875,433,523,2575,1260,2910,40.84,0,0,0,0,0,0,0.0,0.0,0.0,5249,910,450,544,2678,1310,3025,40.84,0,0,0,0,0,0,0.0,0.0,0.0,5764,999,494,597,2940,1439,3322,40.84,0,0,0,0,0,0
ID3311,0.0,0.0,0.0,75679,9135,4437,16625,29703,14456,36658,44.65,3,4,7,1,0,0,0.0,0.0,0.0,82521,9964,4839,18114,32401,15769,39981,44.65,6,7,13,2,0,0,0.0,0.0,0.0,88796,10725,5209,19478,34877,16974,43030,44.64,6,7,13,2,0,0,0.0,0.0,0.0,93949,11350,5512,20599,36910,17963,45534,44.64,7,9,13,2,0,0
ID5301,0.0,0.0,0.0,0,0,0,0,0,0,0,0,0,0,0,0,0,0,0.0,0.0,0.0,0,0,0,0,0,0,0,0,0,0,0,0,0,0,0.0,0.0,0.0,0,0,0,0,0,0,0,0,0,0,0,0,0,0,0.0,0.0,0.0,0,0,0,0,0,0,0,0,0,0,0,0,0,0
ID5317,0.0,0.0,0.0,0,0,0,0,0,0,0,0,0,0,0,0,0,0,0.0,0.0,0.0,0,0,0,0,0,0,0,0,0,0,0,0,0,0,0.0,0.0,0.0,0,0,0,0,0,0,0,0,0,0,0,0,0,0,0.0,0.0,0.0,0,0,0,0,0,0,0,0,0,0,0,0,0,0
ID5316,0.0,0.0,0.0,0,0,0,0,0,0,0,0,0,0,0,0,0,0,0.0,0.0,0.0,0,0,0,0,0,0,0,0,0,0,0,0,0,0,0.0,0.0,0.0,0,0,0,0,0,0,0,0,0,0,0,0,0,0,0.0,0.0,0.0,0,0,0,0,0,0,0,0,0,0,0,0,0,0
ID5302,0.0,0.0,0.0,6063,1437,701,972,3793,1844,2938,61.95,1,3,0,0,7,3,0.0,0.0,0.0,6317,1498,731,1013,3952,1921,3061,61.95,2,6,0,0,14,6,0.0,0.0,0.0,6450,1529,746,1034,4035,1962,3125,61.95,3,7,0,0,14,6,0.0,0.0,0.0,6509,1543,753,1043,4072,1980,3153,61.95,3,7,0,0,14,6
ID5204,0.0,0.0,0.0,4315,602,294,734,1984,972,2233,46.42,0,0,0,0,0,0,0.0,0.0,0.0,4315,602,294,734,1984,972,2233,46.42,0,0,0,0,0,0,0.0,0.0,0.0,5945,829,406,1012,2733,1339,3076,46.42,0,1,0,0,0,0,0.0,0.0,0.0,6196,864,423,1055,2849,1396,3206,46.42,0,1,0,0,0,0
ID5207,0.0,0.0,0.0,2648,505,247,353,1497,730,1344,53.13,3,3,100,1,0,0,0.0,0.0,0.0,6215,1185,579,829,3515,1714,3154,53.13,4,5,100,1,0,0,0.0,0.0,0.0,6673,1273,622,890,3773,1840,3386,53.13,5,6,100,1,0,0,0.0,0.0,0.0,10892,2078,1015,1452,6159,3004,5527,53.13,5,6,100,1,0,0
ID3211,0.0,0.0,0.0,5283,683,331,1252,2169,1055,2502,47.79,0,0,0,0,0,0,0.0,0.0,0.0,7473,966,468,1771,3068,1492,3539,47.79,0,0,0,0,0,0,0.0,0.0,0.0,7473,966,468,1771,3068,1492,3539,47.79,0,0,0,0,0,0,0.0,0.0,0.0,7473,966,468,1771,3068,1492,3539,47.79,0,0,0,0,0,0
ID3529,0.0,0.0,0.0,0,0,0,0,0,0,0,0,0,0,0,0,0,0,0.0,0.0,0.0,0,0,0,0,0,0,0,0,0,0,0,0,0,0,0.0,0.0,0.0,0,0,0,0,0,0,0,0,0,0,0,0,0,0,0.0,0.0,0.0,0,0,0,0,0,0,0,0,0,0,0,0,0,0
ID9427,0.0,0.0,0.0,0,0,0,0,0,0,0,0,0,0,0,0,0,0,0.0,0.0,0.0,0,0,0,0,0,0,0,0,0,0,0,0,0,0,0.0,0.0,0.0,0,0,0,0,0,0,0,0,0,0,0,0,0,0,0.0,0.0,0.0,0,0,0,0,0,0,0,0,0,0,0,0,0,0
ID6309,0.0,0.0,0.0,26492,4727,2305,3141,13715,6651,13865,45.98,17,25,0,0,19,3,0.0,0.0,0.0,35878,6402,3121,4257,18572,9006,18774,45.99,22,33,0,0,25,4,0.0,0.0,0.0,36495,6512,3175,4331,18891,9161,19097,45.99,24,35,0,0,25,4,0.0,0.0,0.0,42013,7497,3656,4986,21748,10546,21984,45.99,26,38,0,0,25,4
ID5102,0.0,0.0,0.0,0,0,0,0,0,0,0,0,0,0,0,0,0,0,0.0,0.0,0.0,0,0,0,0,0,0,0,0,0,0,0,0,0,0,0.0,0.0,0.0,0,0,0,0,0,0,0,0,0,0,0,0,0,0,0.0,0.0,0.0,0,0,0,0,0,0,0,0,0,0,0,0,0,0
ID7305,0.0,0.0,0.0,5931,938,458,930,2722,1327,2998,46.45,0,0,0,0,0,0,0.0,0.0,0.0,5931,938,458,930,2722,1327,2998,46.45,0,0,0,0,0,0,0.0,0.0,0.0,5931,938,458,930,2722,1327,2998,46.45,0,0,0,0,0,0,0.0,0.0,0.0,7372,1166,570,1156,3383,1649,3726,46.45,0,0,0,0,0,0
ID9109,0.0,0.0,0.0,1348,220,108,124,670,326,790,39.79,0,0,0,0,0,0,0.0,0.0,0.0,1559,243,119,149,757,368,916,39.2,0,0,0,0,0,0,0.0,0.0,0.0,1560,243,119,149,757,368,916,39.2,0,0,0,0,0,0,0.0,0.0,0.0,1566,244,119,150,760,370,920,39.21,0,0,0,0,0,0
ID6503,0.0,0.0,0.0,1543,296,142,161,860,420,868,44.3,0,0,0,0,0,0,0.0,0.0,0.0,1912,366,176,199,1066,521,1076,44.3,17,3,0,0,25,1,0.0,0.0,0.0,2028,388,187,211,1130,552,1141,44.3,17,3,0,0,25,1,0.0,0.0,0.0,2368,454,218,246,1320,645,1333,44.31,17,3,0,0,25,1
ID7318,0.0,0.0,0.0,8142,971,468,1830,3563,1722,4188,47.69,15,5,0,0,0,0,0.0,0.0,0.0,8142,971,468,1830,3563,1722,4188,47.69,15,5,25,1,0,0,0.0,0.0,0.0,8142,971,468,1830,3563,1722,4188,47.69,15,5,25,1,0,0,0.0,0.0,0.0,8142,971,468,1830,3563,1722,4188,47.69,15,5,25,1,0,0
ID6310,0.0,0.0,0.0,19921,4023,1945,2197,11789,5711,10547,51.84,9,6,0,0,0,0,0.0,0.0,0.0,22111,4465,2159,2439,13084,6338,11706,51.84,12,8,0,0,0,0,0.0,0.0,0.0,22629,4570,2209,2496,13391,6487,11980,51.84,14,9,0,0,0,0,0.0,0.0,0.0,26358,5323,2573,2907,15598,7556,13955,51.84,17,11,0,0,0,0
ID1305,0.0,0.0,0.0,940,110,53,233,373,181,429,48.54,0,0,0,0,0,0,0.0,0.0,0.0,940,110,53,233,373,181,429,48.54,0,0,0,0,0,0,0.0,0.0,0.0,940,110,53,233,373,181,429,48.54,0,0,0,0,0,0,0.0,0.0,0.0,940,110,53,233,373,181,429,48.54,0,0,0,0,0,0
ID6301,0.0,0.0,0.0,5578,963,470,739,2893,1410,2925,46.55,2,2,0,0,1,1,0.0,0.0,0.0,6459,1115,545,856,3349,1633,3387,46.55,2,3,0,0,1,1,0.0,0.0,0.0,6794,1173,573,901,3523,1717,3563,46.54,2,3,0,0,1,1,0.0,0.0,0.0,7550,1304,636,1001,3914,1908,3959,46.54,3,4,0,0,1,1
ID3603,0.0,0.0,0.0,173293,28447,13744,16550,86140,41745,98441,40.77,8,33,4,1,1,1,0.0,0.0,0.0,197774,32472,15689,18875,98328,47651,112363,40.77,10,37,4,1,3,2,0.0,0.0,0.0,213005,34959,16890,20339,105882,51311,121020,40.77,10,37,4,1,3,2,0.0,0.0,0.0,228967,37585,18158,21834,113848,55170,130121,40.76,10,37,4,1,3,2
ID1802,0.0,0.0,0.0,10453,1691,821,1823,5072,2470,5318,46.98,0,0,0,0,0,0,0.0,0.0,0.0,14778,2390,1160,2578,7170,3491,7518,46.98,3,1,0,0,0,0,0.0,0.0,0.0,15736,2545,1236,2745,7635,3718,8005,46.98,10,3,0,0,25,1,0.0,0.0,0.0,16718,2704,1313,2916,8111,3950,8505,46.98,10,3,0,0,25,1
ID1507,0.0,0.0,0.0,49147,8182,3998,5962,25706,12587,26465,45.32,13,2,0,0,50,1,0.0,0.0,0.0,60286,10028,4900,7331,31509,15429,32460,45.31,33,5,0,0,50,1,0.0,0.0,0.0,61413,10216,4992,7467,32099,15718,33067,45.31,33,5,33,1,50,1,0.0,0.0,0.0,65717,10932,5342,7989,34350,16820,35385,45.31,33,5,67,2,50,1
ID1506,0.0,0.0,0.0,57943,8205,4063,10016,26423,13026,30566,44.7,50,15,0,0,0,0,0.0,0.0,0.0,79946,11315,5604,13829,36446,17968,42170,44.7,63,19,0,0,0,0,0.0,0.0,0.0,85552,12107,5996,14801,39000,19227,45126,44.7,70,21,0,0,0,0,0.0,0.0,0.0,92208,13049,6463,15952,42036,20723,48637,44.7,80,24,0,0,0,0
ID1203,0.0,0.0,0.0,12568,2258,1113,1630,7087,3456,6092,53.58,7,1,0,0,0,0,0.0,0.0,0.0,13811,2479,1222,1792,7786,3797,6696,53.56,14,2,0,0,0,0,0.0,0.0,0.0,14733,2646,1304,1911,8307,4051,7143,53.56,14,2,0,0,0,0,0.0,0.0,0.0,15734,2825,1392,2041,8871,4327,7628,53.56,14,2,0,0,0,0
ID1204,0.0,0.0,0.0,8034,1186,578,1083,4136,2020,4174,48.29,0,0,0,0,0,0,0.0,0.0,0.0,10024,1480,721,1351,5160,2520,5208,48.3,0,0,0,0,0,0,0.0,0.0,0.0,10862,1604,782,1464,5592,2731,5643,48.3,0,0,0,0,0,0,0.0,0.0,0.0,15742,2329,1135,2121,8106,3959,8177,48.31,0,0,0,0,0,0
ID1205,0.0,0.0,0.0,8508,1451,706,1638,4659,2276,3807,60.27,0,0,0,0,0,0,0.0,0.0,0.0,8673,1479,720,1670,4750,2320,3881,60.27,11,1,0,0,0,0,0.0,0.0,0.0,9046,1543,751,1742,4954,2420,4048,60.27,11,1,0,0,33,1,0.0,0.0,0.0,12156,2073,1009,2340,6657,3252,5439,60.27,11,1,0,0,33,1
ID6305,0.0,0.0,0.0,9571,1578,759,1266,4810,2331,4918,46.05,10,4,0,0,19,4,0.0,0.0,0.0,12793,2110,1015,1691,6429,3115,6573,46.06,10,4,33,1,29,6,0.0,0.0,0.0,13076,2157,1037,1729,6572,3184,6719,46.06,13,5,33,1,29,6,0.0,0.0,0.0,13750,2268,1091,1818,6911,3348,7065,46.06,15,6,33,1,29,6
ID3206,0.0,0.0,0.0,5375,742,361,1148,2307,1124,2593,46.93,0,0,0,0,0,0,0.0,0.0,0.0,5573,769,374,1190,2392,1165,2688,46.93,0,0,0,0,2,2,0.0,0.0,0.0,5573,769,374,1190,2392,1165,2688,46.93,0,1,0,0,3,3,0.0,0.0,0.0,6937,957,466,1482,2978,1451,3347,46.93,2,4,0,0,4,4
ID1508,0.0,0.0,0.0,34939,5515,2683,4208,17770,8652,19104,43.96,6,4,14,1,0,0,0.0,0.0,0.0,37773,5962,2900,4549,19211,9354,20654,43.96,14,9,14,1,0,0,0.0,0.0,0.0,41925,6618,3219,5049,21323,10382,22924,43.96,17,11,14,1,0,0,0.0,0.0,0.0,43478,6863,3338,5236,22114,10767,23773,43.97,22,14,14,1,0,0
ID3328,0.0,0.0,0.0,9159,1403,678,1440,4202,2034,4766,43.98,0,0,0,0,0,0,0.0,0.0,0.0,9215,1411,682,1449,4227,2046,4795,43.98,0,0,0,0,0,0,0.0,0.0,0.0,9215,1411,682,1449,4227,2046,4795,43.98,0,0,0,0,0,0,0.0,0.0,0.0,9215,1411,682,1449,4227,2046,4795,43.98,0,0,0,0,0,0
ID9104,0.0,0.0,0.0,7207,1291,627,534,3929,1914,4236,37.08,0,0,0,0,0,0,0.0,0.0,0.0,9444,1673,813,712,5111,2490,5555,37.0,0,0,0,0,0,0,0.0,0.0,0.0,9503,1683,818,716,5143,2505,5589,37.01,0,0,0,0,0,0,0.0,0.0,0.0,9921,1754,853,752,5368,2616,5830,37.12,100,1,0,0,0,0
ID9103,0.0,0.0,0.0,2221,454,216,196,1435,688,1206,52.69,0,0,0,0,0,0,0.0,0.0,0.0,2777,568,271,245,1794,860,1508,52.65,0,0,0,0,0,0,0.0,0.0,0.0,2777,568,271,245,1794,860,1508,52.65,0,0,0,0,0,0,0.0,0.0,0.0,3787,775,369,334,2446,1173,2056,52.66,0,0,0,0,0,0
ID3323,0.0,0.0,0.0,0,0,0,0,0,0,0,0,0,0,0,0,0,0,0.0,0.0,0.0,0,0,0,0,0,0,0,0,0,0,0,0,0,0,0.0,0.0,0.0,0,0,0,0,0,0,0,0,0,0,0,0,0,0,0.0,0.0,0.0,0,0,0,0,0,0,0,0,0,0,0,0,0,0
ID5304,0.0,0.0,0.0,417,62,30,80,219,108,201,56.98,0,0,0,0,0,0,0.0,0.0,0.0,568,84,42,110,299,147,274,57.02,0,0,0,0,0,0,0.0,0.0,0.0,568,84,42,110,299,147,274,57.02,0,0,0,0,0,0,0.0,0.0,0.0,674,100,49,130,354,175,325,57.03,0,0,0,0,0,0
ID5305,0.0,0.0,0.0,238,40,20,44,127,63,116,56.89,0,0,0,0,0,0,0.0,0.0,0.0,238,40,20,44,127,63,116,56.89,0,0,0,0,0,0,0.0,0.0,0.0,238,40,20,44,127,63,116,56.89,0,0,0,0,0,0,0.0,0.0,0.0,238,40,20,44,127,63,116,56.89,0,0,0,0,0,0
ID1206,0.0,0.0,0.0,4539,806,392,900,2456,1200,2052,60.14,0,0,0,0,0,0,0.0,0.0,0.0,4582,814,395,909,2479,1211,2072,60.14,0,0,0,0,0,0,0.0,0.0,0.0,4926,875,425,977,2665,1302,2227,60.15,0,0,0,0,0,0,0.0,0.0,0.0,5450,968,470,1081,2949,1440,2463,60.16,0,0,0,0,0,0
ID7209,0.0,0.0,0.0,1959,375,183,268,1099,538,992,51.57,3,2,0,0,0,0,0.0,0.0,0.0,2089,400,195,286,1172,573,1058,51.57,3,2,0,0,0,0,0.0,0.0,0.0,2544,487,237,348,1427,698,1288,51.57,3,2,0,0,0,0,0.0,0.0,0.0,2848,545,266,390,1598,782,1442,51.57,3,2,0,0,0,0
ID7206,0.0,0.0,0.0,2924,573,278,416,1570,763,1508,49.88,0,0,0,0,0,0,0.0,0.0,0.0,3536,693,337,504,1899,923,1823,49.88,0,0,0,0,0,0,0.0,0.0,0.0,3641,713,347,519,1955,951,1878,49.88,0,0,0,0,0,0,0.0,0.0,0.0,4537,889,432,646,2436,1185,2340,49.88,0,0,0,0,0,0
ID9418,0.0,0.0,0.0,217,18,9,34,62,29,128,25.73,0,0,0,0,0,0,0.0,0.0,0.0,217,18,9,34,62,29,128,25.73,0,0,0,0,0,0,0.0,0.0,0.0,217,18,9,34,62,29,128,25.73,0,0,0,0,0,0,0.0,0.0,0.0,217,18,9,34,62,29,128,25.73,0,0,0,0,0,0
ID7326,0.0,0.0,0.0,75,12,6,16,39,19,37,57.26,0,0,0,0,0,0,0.0,0.0,0.0,75,12,6,16,39,19,37,57.26,0,0,0,0,0,0,0.0,0.0,0.0,75,12,6,16,39,19,37,57.26,0,0,0,0,0,0,0.0,0.0,0.0,75,12,6,16,39,19,37,57.26,0,0,0,0,0,0
ID3503,0.0,0.0,0.0,3443,383,186,958,1194,580,1578,45.85,0,0,0,0,0,0,0.0,0.0,0.0,3443,383,186,958,1194,580,1578,45.85,0,0,0,0,0,0,0.0,0.0,0.0,3443,383,186,958,1194,580,1578,45.85,0,0,0,0,0,0,0.0,0.0,0.0,4322,481,233,1202,1498,728,1980,45.84,0,0,0,0,0,0
ID3523,0.0,0.0,0.0,43406,4903,2393,9759,15883,7712,20851,42.52,5,7,0,0,0,0,0.0,0.0,0.0,46088,5205,2540,10359,16865,8190,22141,42.52,6,9,0,0,3,1,0.0,0.0,0.0,47951,5413,2642,10774,17548,8521,23039,42.51,7,10,0,0,3,1,0.0,0.0,0.0,52325,5903,2881,11754,19147,9298,25142,42.51,8,12,0,0,3,1
ID1812,0.0,0.0,0.0,3449,579,281,536,1733,841,1829,46.88,0,0,0,0,0,0,0.0,0.0,0.0,3975,668,324,628,1984,963,2099,46.88,0,0,0,0,0,0,0.0,0.0,0.0,3975,668,324,628,1984,963,2099,46.88,0,0,0,0,0,0,0.0,0.0,0.0,3976,668,324,628,1984,963,2100,46.88,0,0,0,0,0,0
ID1808,0.0,0.0,0.0,30559,5101,2484,4377,15823,7685,16495,46.85,6,9,0,0,12,1,0.0,0.0,0.0,37618,6281,3059,5387,19481,9462,20307,46.85,8,13,0,0,12,1,0.0,0.0,0.0,40790,6810,3317,5840,21125,10260,22019,46.85,10,15,0,0,12,1,0.0,0.0,0.0,46350,7739,3769,6635,24006,11660,25021,46.86,10,15,0,0,12,1
ID3504,0.0,0.0,0.0,74908,8370,4061,18944,26980,13107,35570,44.77,21,9,20,1,0,0,0.0,0.0,0.0,84304,9419,4570,21324,30359,14749,40032,44.77,21,9,40,2,0,0,0.0,0.0,0.0,93255,10417,5055,23591,33579,16313,44282,44.77,21,9,40,2,0,0,0.0,0.0,0.0,111129,12413,6023,28116,40016,19440,52768,44.77,21,9,40,2,0,0
ID3288,0.0,0.0,0.0,4320,679,331,686,2094,1021,2239,45.94,0,0,0,0,0,0,0.0,0.0,0.0,4320,679,331,686,2094,1021,2239,45.94,0,0,0,0,0,0,0.0,0.0,0.0,4320,679,331,686,2094,1021,2239,45.94,0,0,0,0,0,0,0.0,0.0,0.0,5313,837,408,844,2579,1257,2752,45.99,0,0,0,0,0,0
ID3388,0.0,0.0,0.0,661,81,39,162,258,125,309,47.41,0,0,0,0,0,0,0.0,0.0,0.0,661,81,39,162,258,125,309,47.41,0,0,0,0,0,0,0.0,0.0,0.0,661,81,39,162,258,125,309,47.41,0,0,0,0,0,0,0.0,0.0,0.0,661,81,39,162,258,125,309,47.41,0,0,0,0,0,0
ID7313,0.0,0.0,0.0,39209,4763,2321,8454,15445,7548,18703,46.44,2,2,0,0,0,0,0.0,0.0,0.0,41441,5034,2454,8936,16326,7979,19769,46.45,8,7,0,0,0,0,0.0,0.0,0.0,42485,5161,2516,9161,16737,8179,20267,46.45,11,10,0,0,0,0,0.0,0.0,0.0,44541,5411,2637,9605,17546,8575,21247,46.44,11,10,0,0,0,0
ID7407,0.0,0.0,0.0,0,0,0,0,0,0,0,0,0,0,0,0,0,0,0.0,0.0,0.0,0,0,0,0,0,0,0,0,0,0,0,0,0,0,0.0,0.0,0.0,0,0,0,0,0,0,0,0,0,0,0,0,0,0,0.0,0.0,0.0,0,0,0,0,0,0,0,0,0,0,0,0,0,0
ID9426,0.0,0.0,0.0,1322,396,192,145,1018,483,623,70.14,67,4,0,0,0,0,0.0,0.0,0.0,2338,736,358,258,1862,884,1076,73.94,67,4,0,0,0,0,0.0,0.0,0.0,2362,744,361,260,1882,894,1086,74.0,67,4,0,0,0,0,0.0,0.0,0.0,3110,994,483,343,2502,1188,1419,75.21,67,4,0,0,0,0
ID1807,0.0,0.0,0.0,6166,1117,540,963,3223,1570,3155,49.64,0,0,0,0,0,0,0.0,0.0,0.0,6818,1235,597,1065,3564,1736,3488,49.64,0,0,0,0,0,0,0.0,0.0,0.0,7519,1362,658,1175,3930,1915,3847,49.64,0,0,0,0,0,0,0.0,0.0,0.0,7651,1385,670,1195,3999,1948,3914,49.64,0,0,0,0,0,0
ID3312,0.0,0.0,0.0,8533,834,406,2837,2735,1336,3654,49.59,0,0,0,0,0,0,0.0,0.0,0.0,8564,837,408,2847,2745,1341,3667,49.59,0,0,0,0,0,0,0.0,0.0,0.0,8564,837,408,2847,2745,1341,3667,49.59,0,0,0,0,0,0,0.0,0.0,0.0,8564,837,408,2848,2745,1341,3668,49.59,0,0,15,2,0,0
ID3307,0.0,0.0,0.0,478,66,32,101,201,98,236,45.36,0,0,0,0,0,0,0.0,0.0,0.0,478,66,32,101,201,98,236,45.36,0,0,0,0,0,0,0.0,0.0,0.0,478,66,32,101,201,98,236,45.36,0,0,0,0,0,0,0.0,0.0,0.0,478,66,32,101,201,98,236,45.36,0,0,0,0,0,0
ID9416,0.0,0.0,0.0,6734,487,231,570,2295,1084,4429,23.95,0,0,0,0,0,0,0.0,0.0,0.0,6734,487,231,570,2295,1084,4429,23.95,0,0,0,0,0,0,0.0,0.0,0.0,6734,487,231,570,2295,1084,4429,23.95,0,0,0,0,0,0,0.0,0.0,0.0,6734,487,231,570,2295,1084,4429,23.95,0,0,0,0,0,0
ID9432,0.0,0.0,0.0,47,4,2,4,17,8,30,25.16,0,0,0,0,0,0,0.0,0.0,0.0,47,4,2,4,17,8,30,25.16,0,0,0,0,0,0,0.0,0.0,0.0,47,4,2,4,17,8,30,25.16,0,0,0,0,0,0,0.0,0.0,0.0,60,5,2,5,21,10,39,24.86,0,0,0,0,0,0
